Emp_id,Name,gender,Department,Job Role,Age,Salary,Performance Score,Attendence_Percent,Work_Hour_Per_Month,Attrition,Joining Date,Location
1,Walsh Arrundale,Male,Sales,Analyst,39,58884.68,2,83.39,175,no,9-15-2015,Pune
2,Toby Mainz,Female,IT,Developer,24,61219.44,2,93.71,172,yes,8-14-2017,Mumbai
3,Conchita Eblein,Female,HR,Analyst,23,48617.34,1,96.1,155,yes,04-03-2022,Pune
4,Robinet Hairyes,Male,Finance,Executive,35,82611.85,2,80.84,150,yes,10-22-2025,Nagpur
5,Ofella O'Boyle,Female,Finance,Executive,26,66492.2,3,83.67,180,no,5-21-2015,Nagpur
6,Yovonnda Elliss,Female,HR,Developer,23,69866.88,4,88.71,189,no,6-26-2015,Solapur
7,Dalton Daw,Male,Sales,Developer,41,38614.39,3,94.23,197,yes,3-16-2020,Amravati
8,Dion Rumney,Female,IT,Manager,41,57979.33,1,92.5,155,no,11-13-2024,Aurangabad
9,Ewart Cubin,Male,HR,Executive,25,78938.09,3,85.85,153,yes,8-13-2017,Nashik
10,Bartie Metzke,Male,Sales,Executive,33,37449.54,1,98.48,189,no,2-22-2023,Aurangabad
11,Mort Pinshon,Male,Finance,Executive,37,77474.21,5,89.61,163,no,4-15-2024,Mumbai
12,Loleta Markl,Agender,IT,Manager,41,63293.95,1,90.12,185,yes,09-12-2021,Solapur
13,Arty Pedreschi,Male,Finance,Analyst,40,50490.34,5,81.38,172,yes,11-23-2021,Pune
14,Jayson Kerswell,Male,Finance,Executive,38,33291.1,5,85.72,169,no,06-04-2015,Pune
15,Timmie Witts,Female,HR,Analyst,30,63636.13,1,83.22,163,yes,08-02-2024,Aurangabad
16,Natka Colcomb,Female,HR,Executive,22,52164.82,5,97.73,185,no,4-28-2020,Amravati
17,Sacha Toolan,Female,IT,Executive,23,77218.12,1,81.9,196,yes,12-21-2023,Amravati
18,Katinka Faunch,Female,Finance,Analyst,25,44017.34,4,92.81,188,no,11-16-2019,Pune
19,Udale Chesnay,Male,Finance,Manager,36,61606.72,3,83.65,159,no,08-05-2024,Amravati
20,Regan Blackhall,Male,Sales,Executive,29,50501.22,4,88.86,186,no,03-04-2019,Amravati
21,Jami Jacmard,Female,HR,Developer,35,69729.23,1,99.16,197,no,6-27-2022,Nagpur
22,Krishnah Gaddas,Male,Finance,Developer,41,48494.5,3,97.87,179,yes,5-16-2015,Solapur
23,Vevay Herculson,Female,Sales,Executive,41,44104.47,4,92,155,yes,11-02-2015,Nashik
24,Ola Whittock,Female,Sales,Analyst,26,70116.68,2,96.91,178,yes,10-29-2019,Aurangabad
25,Bartholomeo Strattan,Male,Sales,Manager,39,38241.86,3,92.24,151,yes,9-27-2015,Mumbai
26,Loralee Rillett,Female,HR,Analyst,31,77621.71,4,86.46,164,no,05-11-2017,Pune
27,Bendite Ricarde,Female,Sales,Manager,25,45590.74,5,86.63,191,yes,3-13-2022,Solapur
28,Kenon Crosland,Male,HR,Analyst,24,57678.77,1,81.44,170,yes,2-24-2021,Solapur
29,Noby Ryley,Male,IT,Executive,37,27606.95,4,89.95,176,yes,5-24-2024,Nashik
30,Skipton Belliveau,Male,Sales,Analyst,40,40920.31,4,97.39,161,yes,12-19-2022,Nashik
31,Elissa Caustic,Female,Sales,Manager,26,30675.9,3,86.68,151,yes,10-23-2018,Solapur
32,Obediah Phelipeau,Male,Sales,Executive,42,64332.8,5,82.78,163,yes,11-09-2017,Solapur
33,Hamilton McGoldrick,Male,Finance,Analyst,39,43233.05,5,86.4,180,yes,7-19-2021,Pune
34,Laurence Bowle,Male,Finance,Manager,30,39069.73,4,84.41,191,no,8-18-2024,Amravati
35,Dory Desorts,Female,Finance,Manager,40,37736.71,2,95.67,194,yes,11-12-2024,Mumbai
36,Sanson Schole,Male,IT,Analyst,34,46399.67,1,84.68,172,no,3-15-2017,Solapur
37,Rebeca Ousley,Female,HR,Manager,35,63448.94,3,97.26,165,yes,6-13-2017,Aurangabad
38,Aguie McFaell,Male,Finance,Executive,23,73864.31,1,93.44,155,no,12-04-2021,Pune
39,Nevil Mostin,Male,Sales,Manager,38,77040.77,5,81.47,197,yes,6-19-2015,Solapur
40,Hoebart Offell,Male,HR,Analyst,25,80749.67,5,81.78,167,yes,10-13-2017,Solapur
41,Garrik Dennistoun,Male,IT,Analyst,33,50097.39,2,83.15,183,yes,11-26-2018,Nashik
42,Shepard Delouch,Male,Sales,Developer,25,31329.4,5,88.12,180,yes,9-18-2016,Nashik
43,Karita Wortt,Female,Sales,Developer,35,56331.48,5,92.76,188,no,09-04-2020,Mumbai
44,Rebe Howton,Female,Finance,Executive,29,70800.83,5,91.64,168,no,12-08-2024,Solapur
45,Annabella Newband,Female,Sales,Analyst,37,49737.35,5,84.24,200,yes,10-24-2017,Pune
46,Grantley Philcox,Male,IT,Developer,24,30652.42,4,84.43,179,yes,05-04-2023,Mumbai
47,Judy Rosenberger,Female,HR,Executive,36,32060.06,1,81.41,159,no,12-14-2017,Nashik
48,Brinna Petto,Genderqueer,IT,Executive,27,77410.85,1,87.34,164,no,10-20-2019,Nagpur
49,Shanan Maslin,Genderqueer,HR,Analyst,32,39740.02,1,93.25,196,yes,4-30-2025,Solapur
50,Angie Wyson,Non-binary,Finance,Executive,39,26594.37,1,82.95,171,no,05-07-2019,Amravati
51,Melita Colquhoun,Female,Finance,Manager,42,51305.02,4,87.34,169,yes,9-22-2020,Amravati
52,Robby Dietsche,Female,Sales,Developer,22,42265.16,4,97.67,178,no,05-03-2025,Amravati
53,Noe Poytress,Male,IT,Manager,37,66963.14,1,82.16,194,yes,6-23-2025,Nagpur
54,Pam Caunce,Genderqueer,IT,Developer,38,60411.59,4,91.53,178,yes,11-13-2023,Amravati
55,Harriot Yerrill,Female,Finance,Analyst,36,58917.55,1,96.23,171,yes,06-09-2018,Pune
56,Jeremy Simonson,Male,IT,Analyst,40,54670.06,4,88.27,165,yes,3-16-2015,Solapur
57,Pepe Donnison,Agender,IT,Developer,23,37905.06,2,95.14,167,no,11-09-2019,Pune
58,Consuelo Geratasch,Female,HR,Analyst,30,35736.41,4,91.79,162,no,06-11-2021,Pune
59,Foss Gissop,Male,HR,Developer,25,81462.96,3,96.16,179,yes,12-28-2018,Amravati
60,Zerk Farny,Male,Finance,Analyst,42,72801.33,2,81.46,177,yes,02-08-2020,Mumbai
61,Chrisse Fancott,Male,IT,Executive,35,66348.06,3,95.88,178,yes,11-19-2019,Nashik
62,Alwyn McNaughton,Male,IT,Manager,29,49065.23,4,94.93,165,yes,3-22-2015,Solapur
63,Janene Montgomery,Female,IT,Developer,32,88907.78,5,94.19,185,no,02-11-2019,Pune
64,Shell Ivamy,Female,HR,Analyst,23,46402.93,5,98.2,155,no,10-22-2024,Mumbai
65,Hort Toovey,Male,Finance,Developer,25,44834.69,2,94.36,190,yes,11-05-2023,Amravati
66,Jens Kisbey,Male,Sales,Analyst,24,26081.81,4,88.31,187,yes,10-08-2019,Nagpur
67,Dicky Brayfield,Male,IT,Manager,35,56783.07,3,86.52,176,yes,1-19-2019,Nagpur
68,Alysia Dyshart,Female,Finance,Developer,31,25882.23,5,84.98,186,no,7-14-2018,Amravati
69,Betteann Daverin,Female,HR,Executive,38,51002.42,3,92.34,193,no,12-12-2015,Mumbai
70,Roanna Haughian,Female,Finance,Executive,43,76500.73,3,92.7,164,no,06-02-2019,Solapur
71,Town Saward,Male,HR,Developer,42,42816.09,4,91.54,171,no,03-04-2025,Amravati
72,Tobit Fowle,Male,Sales,Executive,25,76743.4,4,80.6,157,no,1-21-2025,Pune
73,Dorris Morrill,Female,Sales,Manager,27,72870.64,5,99.99,151,no,6-21-2025,Solapur
74,Kimberli Puckring,Female,Sales,Developer,29,28470.91,2,85.17,172,yes,3-18-2023,Amravati
75,Sandra Davydzenko,Female,Finance,Developer,43,56664.26,3,93.79,200,yes,8-13-2020,Aurangabad
76,Kriste McLise,Female,Finance,Executive,23,49107.07,4,86.15,151,yes,1-30-2022,Amravati
77,Shermy Tigwell,Male,IT,Executive,44,61944.72,3,87.41,167,yes,08-07-2025,Nagpur
78,Wolfy Hugle,Male,IT,Analyst,26,33882.49,3,92.82,180,yes,1-22-2023,Nashik
79,Roseanna Wressell,Genderqueer,IT,Developer,38,43000.24,2,94.12,156,no,12-08-2023,Solapur
80,William Joanaud,Non-binary,Finance,Manager,39,29345.64,1,92.07,194,yes,4-27-2019,Solapur
81,Harry Tuohy,Male,HR,Analyst,31,56512.04,5,90.79,158,yes,8-26-2016,Pune
82,Davon Skalls,Agender,IT,Developer,31,68393.69,4,89.18,171,yes,9-24-2023,Amravati
83,Antonino Prandy,Bigender,Sales,Manager,25,65642.3,1,83.42,173,yes,6-19-2019,Aurangabad
84,Eleanora Piatkow,Female,Sales,Developer,24,60790.14,2,91.26,161,yes,6-24-2022,Nashik
85,Sibilla Pizey,Female,Sales,Executive,24,27638.44,4,98.99,200,no,04-11-2016,Nagpur
86,Gratia Hebden,Agender,IT,Executive,29,72383.46,1,96.39,189,yes,1-16-2022,Mumbai
87,Bret Sesons,Male,IT,Executive,34,86655.63,1,87.54,156,no,05-08-2015,Pune
88,Milicent Hutchinges,Female,Finance,Executive,38,73500.78,4,93.05,177,yes,9-29-2025,Mumbai
89,Dodi Woodbridge,Female,Finance,Developer,32,31358.38,2,85.84,153,yes,10-03-2020,Nashik
90,Clarie Aubri,Female,HR,Manager,26,27740.12,1,93.65,192,yes,07-09-2017,Aurangabad
91,Dallon Decayette,Male,Finance,Analyst,34,52008.36,3,86.1,173,no,12-29-2021,Amravati
92,Riannon Bugden,Female,Finance,Developer,28,45198.49,2,92.86,188,no,12-03-2020,Mumbai
93,Bev Leete,Male,Finance,Developer,44,79124.12,2,86.88,175,no,1-27-2019,Amravati
94,Jewel Sharply,Female,HR,Executive,29,71222.8,5,86.32,179,no,03-03-2022,Pune
95,Daveen Gillum,Female,HR,Executive,33,59321.37,5,95.83,175,yes,09-12-2023,Aurangabad
96,Seamus Butlin,Male,HR,Developer,40,57260.27,3,89.81,156,no,9-18-2016,Amravati
97,Star MacKenny,Female,Sales,Developer,38,68152.49,2,89.74,172,no,11-03-2024,Mumbai
98,Juditha Gravenall,Non-binary,Sales,Manager,26,76538.79,1,87.16,190,no,10-29-2025,Nashik
99,Jaymie Goodliff,Male,IT,Analyst,42,89129.62,4,82.72,160,yes,5-21-2023,Amravati
100,Herrick Filshin,Male,Sales,Developer,32,44717.89,1,99.65,171,no,3-14-2016,Solapur
101,Essy Berget,Female,HR,Developer,38,51446.97,5,80.05,188,no,11-01-2024,Nashik
102,Gayel Jumonet,Female,Finance,Developer,25,81849.7,3,91.89,159,yes,01-11-2025,Nashik
103,Patrica Wainscot,Female,HR,Analyst,30,55633.15,2,88.01,188,no,11-12-2016,Pune
104,Peta Pedracci,Female,IT,Analyst,34,34442.34,3,99.72,189,yes,08-10-2025,Aurangabad
105,Cole Ladbrooke,Male,IT,Developer,41,89486.97,1,82.81,167,no,5-27-2021,Mumbai
106,Beale Ennals,Male,Finance,Analyst,33,42177.95,2,82.81,157,no,10-16-2018,Nagpur
107,Dav Johnes,Male,Finance,Developer,39,51318.96,3,87.11,166,no,10-14-2020,Mumbai
108,Jordon Whyler,Male,HR,Executive,25,64754.88,1,94.94,179,no,12-24-2023,Aurangabad
109,Rosana Lindenblatt,Female,IT,Executive,30,60105.71,4,92.97,187,no,07-01-2023,Solapur
110,Daria Boule,Female,HR,Analyst,41,74729.25,5,80.63,171,no,11-16-2016,Mumbai
111,Penrod Gierok,Male,IT,Analyst,27,55145.78,1,92.96,165,no,10-02-2015,Pune
112,Ashley McRorie,Male,Finance,Executive,41,76804.88,2,90.56,156,yes,5-26-2023,Amravati
113,Karlee Crassweller,Female,Finance,Manager,37,70050.69,2,91.59,170,yes,12-01-2025,Solapur
114,Corney Manderson,Male,HR,Analyst,45,71426.51,5,97.01,163,no,02-07-2017,Mumbai
115,Almeta Trematick,Genderqueer,IT,Developer,22,49296.92,4,86.6,177,yes,3-23-2024,Aurangabad
116,Elise Garlicke,Female,Finance,Manager,31,71024.9,5,96.6,171,yes,3-25-2025,Aurangabad
117,Rick Cuttle,Male,Sales,Manager,42,63937.51,4,85.91,183,no,05-06-2019,Pune
118,Enrique Blindt,Male,HR,Analyst,27,65056.44,2,97.97,200,no,12-20-2017,Amravati
119,Darcee Brazer,Female,Finance,Analyst,22,71620.04,1,92.18,165,yes,2-24-2023,Aurangabad
120,Davon Scargle,Male,Sales,Executive,39,57780.2,5,94.37,170,yes,2-19-2015,Amravati
121,Rriocard Hutley,Male,IT,Manager,27,86795.77,4,87.47,152,no,8-30-2018,Mumbai
122,Jessamine Haile,Female,Finance,Manager,26,52027.36,2,81.3,180,yes,6-15-2017,Nagpur
123,Shea Soigne,Male,HR,Developer,23,74469.07,1,82.88,190,no,10-09-2024,Amravati
124,Elysia Feares,Female,Sales,Manager,27,70395.61,5,94.37,163,no,03-04-2018,Pune
125,Ichabod Gillaspy,Male,Sales,Analyst,34,71223.22,1,97.72,169,no,03-01-2024,Nashik
126,Andie Pheazey,Male,IT,Developer,43,78160.26,4,85.97,182,no,01-09-2019,Pune
127,Bartlet Ellacott,Male,Sales,Executive,31,79039.73,5,89.72,180,yes,10-23-2022,Aurangabad
128,Burtie Bartosch,Male,IT,Developer,27,72484.11,2,92.49,187,yes,01-12-2015,Nashik
129,Billy Crowther,Female,HR,Developer,25,78668.94,3,87.74,151,no,3-18-2024,Aurangabad
130,Paddy Giametti,Male,Finance,Analyst,24,62904.63,4,91.32,179,no,12-20-2024,Amravati
131,Norean Kristiansen,Female,Finance,Manager,27,53359.9,4,83.91,160,no,6-28-2025,Nagpur
132,Chen Cookley,Male,Finance,Analyst,45,67540.45,5,88.21,178,yes,7-21-2025,Aurangabad
133,Hayley McGeachy,Female,Finance,Executive,31,30518.13,1,90.23,189,no,7-16-2018,Pune
134,Aldo Aldren,Male,HR,Executive,27,84249.9,2,87.17,184,yes,10-26-2020,Nagpur
135,Orton Ibanez,Male,Sales,Analyst,22,34451.2,1,91.85,165,yes,4-22-2020,Mumbai
136,Virgina Rao,Female,Finance,Executive,22,72852.01,4,87.69,165,yes,07-10-2017,Mumbai
137,Leodora Dargue,Female,Sales,Analyst,31,45150.57,1,81.57,176,yes,06-09-2020,Aurangabad
138,Darnall Grafhom,Male,HR,Developer,28,32509.76,5,94.02,150,yes,10-09-2018,Nashik
139,Stern Allcroft,Male,Sales,Developer,24,79339.9,3,91.78,180,no,10-19-2023,Pune
140,Marlee Baynton,Female,Sales,Manager,41,28384.52,5,92.56,153,no,5-22-2017,Solapur
141,Ban Nolte,Male,Sales,Analyst,37,63019.66,2,90.11,194,no,1-24-2022,Amravati
142,Star Goodrich,Genderqueer,Finance,Developer,45,77898.68,3,81.94,167,no,6-15-2016,Amravati
143,Everett Ventham,Male,Finance,Developer,37,49937.46,3,92.27,177,yes,10-01-2021,Solapur
144,Reuben Petric,Male,Finance,Analyst,31,55839.1,1,96.48,184,yes,9-25-2015,Aurangabad
145,Luise Amey,Female,IT,Developer,43,75368.56,1,97.62,186,no,1-13-2025,Pune
146,Sherwynd Wattingham,Male,Finance,Executive,42,41821.76,5,88.74,188,no,9-23-2016,Mumbai
147,Alastair Polini,Male,HR,Developer,42,30445.87,1,93.63,170,no,12-19-2017,Nashik
148,Meir Duchesne,Male,IT,Analyst,45,64879.73,5,98.73,153,yes,2-26-2017,Pune
149,Aland Brecknock,Male,Sales,Manager,45,78501.81,2,82.8,169,no,10-08-2017,Aurangabad
150,Granny Cowden,Polygender,Finance,Analyst,25,65542.17,5,86.34,176,no,09-08-2020,Nagpur
151,Dmitri Barizeret,Male,Finance,Developer,33,60708.9,1,81.74,178,no,5-21-2020,Amravati
152,Frasquito Halpen,Male,IT,Developer,41,85666.53,1,96.76,194,no,10-27-2021,Mumbai
153,Harlan Caulcutt,Male,HR,Analyst,39,53539.49,5,99.26,178,yes,4-22-2021,Amravati
154,Darrick Donet,Male,IT,Analyst,35,74678.05,1,82.18,189,yes,9-22-2019,Aurangabad
155,Janenna Tethcote,Female,IT,Executive,39,41356.78,3,82.61,196,no,02-03-2023,Pune
156,Terrance Grzeszczak,Polygender,Sales,Executive,35,71770.16,3,99.78,200,yes,12-02-2023,Pune
157,Coop Pleasaunce,Male,HR,Developer,33,33852.39,2,83.13,151,no,2-19-2018,Amravati
158,Shaw McIntosh,Male,Sales,Analyst,28,50086.74,2,83.01,162,yes,3-15-2021,Solapur
159,Meghann Swane,Female,IT,Developer,36,61202.45,1,93.72,175,no,8-23-2024,Mumbai
160,Tarah Bower,Female,HR,Executive,24,64889.32,2,87.65,185,yes,06-10-2022,Amravati
161,Nolie Sives,Female,Sales,Manager,34,39634.71,4,98.55,176,yes,02-04-2025,Nashik
162,Gerianna Eveling,Agender,IT,Developer,34,84756.61,2,85.12,180,yes,12-29-2022,Aurangabad
163,Bard Jowsey,Male,IT,Analyst,28,43804.95,4,93.51,182,yes,7-17-2021,Nagpur
164,Theodore Barnett,Male,HR,Executive,26,60785.85,3,98.26,192,no,11-04-2019,Mumbai
165,June Fleeming,Non-binary,Sales,Executive,40,77023.86,1,84.35,184,yes,11-15-2016,Amravati
166,Ermentrude Buie,Female,IT,Developer,26,35803.33,4,89.4,178,no,04-10-2022,Solapur
167,Krystalle Ingold,Female,HR,Manager,39,69820.12,1,93.45,170,yes,12-13-2020,Pune
168,Yuri Muffett,Male,HR,Manager,26,74578.35,5,95.64,189,yes,3-14-2023,Aurangabad
169,Arte Hauger,Male,IT,Developer,35,50490.19,1,81.91,193,no,05-11-2023,Aurangabad
170,Theodor George,Male,IT,Executive,44,27271.56,4,93.17,197,yes,4-15-2015,Pune
171,Baillie O Mullen,Male,Sales,Executive,24,70363.69,3,96.37,167,yes,08-11-2018,Aurangabad
172,Blondy Suddell,Female,Finance,Developer,25,39057.33,4,98.38,184,yes,2-18-2022,Mumbai
173,Alberik Starsmore,Male,Sales,Manager,22,45796.55,3,96.76,174,yes,6-26-2020,Amravati
174,Roma Scrivinor,Male,Finance,Executive,36,72438.45,4,95.92,178,yes,01-06-2023,Solapur
175,Dianna Hulk,Female,IT,Developer,37,63561.94,5,92.32,187,no,07-11-2025,Mumbai
176,Sutherland Sallinger,Male,HR,Executive,24,89055.78,2,81.21,185,no,11-04-2016,Pune
177,Catherina Samson,Female,Finance,Manager,24,31860.16,2,80.26,175,yes,5-29-2018,Pune
178,Bard Bausor,Genderqueer,IT,Analyst,39,74270.17,4,87.32,170,no,3-21-2022,Aurangabad
179,Winnie Dumpleton,Female,IT,Executive,32,47416.48,4,83.31,163,yes,6-24-2019,Amravati
180,Kleon Ridder,Male,Finance,Manager,36,79090.19,2,84.5,198,yes,9-26-2015,Mumbai
181,Geneva Cornall,Female,Sales,Analyst,35,77410.84,5,90.07,166,no,9-23-2017,Nagpur
182,Consolata Louch,Female,HR,Manager,31,89905.59,5,81.75,155,yes,10-05-2022,Mumbai
183,Heinrik Murdoch,Male,Finance,Analyst,33,30080.25,1,94.42,189,no,9-16-2019,Amravati
184,Alphonso Roddell,Male,Finance,Manager,39,50544.77,4,99.82,188,no,11-27-2025,Nashik
185,Virge Potell,Male,IT,Manager,37,32159.39,1,81.68,170,no,04-04-2020,Solapur
186,Julia Matuszinski,Female,HR,Executive,27,89999.67,3,89.91,175,yes,7-22-2024,Nagpur
187,Horten Welsby,Male,HR,Developer,40,47701.72,5,91.4,151,no,11-13-2017,Pune
188,Egbert Domini,Male,Sales,Analyst,25,84284.38,1,95.38,192,yes,03-06-2017,Mumbai
189,Roth Rist,Male,HR,Developer,43,79523.06,1,81.33,191,no,3-13-2024,Pune
190,Gracie Coping,Female,Finance,Analyst,24,34162.69,4,90.84,162,no,3-23-2017,Solapur
191,Gwenneth Vayne,Female,Finance,Manager,25,30173.76,5,85.63,199,no,7-28-2022,Pune
192,Vale Mathevon,Female,HR,Executive,23,62139.46,3,86.1,187,yes,9-15-2015,Amravati
193,Barty Saddler,Male,Sales,Executive,28,82677.03,3,84.66,188,no,11-08-2020,Solapur
194,Patrice Jelkes,Female,Finance,Developer,23,46228,4,88.28,174,no,6-30-2024,Mumbai
195,Quill Happert,Male,Sales,Developer,35,44817.64,4,89.78,174,no,7-29-2017,Mumbai
196,Carlynne Boase,Non-binary,Sales,Developer,38,81236.12,5,84.2,173,yes,3-18-2019,Mumbai
197,Erina Ryles,Female,HR,Manager,30,35120.55,2,86.83,156,yes,12-04-2025,Mumbai
198,Raynell Steart,Female,Sales,Executive,27,67436.28,1,81.25,159,yes,4-19-2019,Mumbai
199,Haywood Bertomier,Male,IT,Analyst,34,71791.25,5,99.26,161,no,8-20-2022,Pune
200,Karry Compford,Female,IT,Manager,42,77899.51,2,95.91,170,no,07-10-2016,Nagpur
201,Rikki Lerner,Female,Finance,Developer,28,31529.59,4,82.06,184,yes,02-05-2024,Nashik
202,Isaiah Cromleholme,Male,Finance,Manager,27,57621.23,5,97.45,184,no,9-29-2022,Nagpur
203,Gamaliel Juschke,Male,Sales,Manager,45,85656.51,3,95.64,193,no,4-23-2016,Pune
204,Kristoforo MacGillacolm,Male,IT,Executive,32,26719.85,3,96.29,159,no,05-10-2015,Solapur
205,Barr Gealy,Male,Sales,Analyst,42,70031.47,2,88.81,158,yes,12-29-2016,Pune
206,Cyrillus Ewin,Male,Finance,Executive,38,86696.39,5,86.08,196,no,12-13-2025,Aurangabad
207,Aurea Mawford,Agender,HR,Executive,38,63696.08,4,91.8,198,no,12-02-2015,Aurangabad
208,Bob Sillett,Male,IT,Analyst,44,65476.75,1,87.04,167,no,7-29-2021,Nagpur
209,Danni Pennington,Female,HR,Analyst,38,28101.21,5,92.4,172,yes,08-09-2024,Nagpur
210,Aile Siemandl,Female,Sales,Executive,36,67445.43,5,80.35,187,no,9-18-2020,Nashik
211,Natal Beller,Male,Sales,Analyst,44,29584.33,1,85.79,154,yes,8-27-2016,Amravati
212,Andrej Ellershaw,Male,HR,Developer,27,44020.05,1,89.98,156,yes,7-25-2025,Solapur
213,Farly Calvard,Male,Sales,Manager,33,67946.2,1,85.08,180,yes,12-07-2024,Aurangabad
214,Cheston Grund,Male,IT,Developer,28,26200.98,4,94.01,196,yes,12-19-2025,Pune
215,Collin Kabisch,Male,Sales,Manager,27,71077.84,2,83.25,158,no,12-22-2015,Aurangabad
216,Cory Braunle,Male,Sales,Manager,40,37083.18,2,94.07,195,no,7-29-2025,Nagpur
217,Krissie Duerden,Female,HR,Executive,43,49054.32,4,93.46,190,yes,5-18-2016,Nashik
218,Wenda Columbell,Female,Finance,Developer,26,49901.24,5,96.44,193,yes,07-03-2015,Amravati
219,Lauren Hazart,Female,Sales,Analyst,39,25077.5,5,83.04,183,yes,10-15-2025,Nashik
220,Florri Hessentaler,Female,Finance,Manager,23,70720.38,4,90.77,200,no,8-24-2020,Nashik
221,Sheilah Loghan,Female,HR,Executive,42,36884.45,5,84.22,192,no,2-16-2025,Nashik
222,Ansley Hazeman,Female,IT,Executive,41,86595.84,5,83.88,171,yes,05-06-2025,Nashik
223,Averell Danjoie,Bigender,Finance,Analyst,36,52431.24,5,93.56,187,no,10-28-2020,Mumbai
224,Bernita Drewet,Female,HR,Analyst,31,34446.98,5,98.26,183,yes,7-14-2024,Solapur
225,Corny Illwell,Male,IT,Developer,27,76711.61,4,89.19,195,yes,01-08-2018,Mumbai
226,Dodie Bampford,Female,Sales,Developer,28,77255.86,4,81.8,192,yes,09-10-2023,Aurangabad
227,Rod Barrass,Male,Sales,Analyst,24,25421.09,5,94.54,175,yes,6-26-2020,Amravati
228,Sharity Shoebridge,Female,Sales,Developer,39,31669.13,3,88.3,189,no,05-02-2024,Nashik
229,Leola Riggeard,Female,Finance,Analyst,31,85681.91,4,95.49,179,yes,11-06-2020,Amravati
230,Solomon Ivkovic,Male,Finance,Developer,24,63665.51,5,95.59,185,yes,12-24-2022,Solapur
231,Giulia Filkin,Female,Finance,Manager,29,76325.55,4,80.29,184,no,07-04-2022,Amravati
232,Beatriz MacMeekan,Female,Finance,Manager,41,74415.82,2,81.24,178,no,04-12-2016,Pune
233,Cooper McCamish,Male,HR,Developer,25,68568.04,2,94.84,177,no,5-17-2018,Mumbai
234,Thorin Baptie,Male,Finance,Executive,35,49163.48,2,80.15,170,yes,2-20-2020,Pune
235,Solly Eplett,Male,IT,Executive,22,56125.73,1,92.47,161,yes,4-30-2020,Nagpur
236,Petronella Pollett,Female,HR,Developer,29,57784.66,3,91.58,161,no,08-09-2017,Amravati
237,Micky Brayfield,Male,Finance,Developer,23,65476.28,5,91.73,187,no,1-14-2022,Aurangabad
238,Hollis Canedo,Male,HR,Manager,26,54351.39,2,80.77,200,no,8-23-2022,Mumbai
239,Dolli Mourton,Female,Finance,Analyst,42,46487.44,1,93.01,196,no,9-24-2023,Solapur
240,Nathalia Sheerin,Female,HR,Executive,35,35193.56,3,96.81,161,no,4-14-2022,Nagpur
241,Noak Conkay,Male,Finance,Executive,26,34564.39,2,81.03,174,yes,5-30-2020,Pune
242,Des Grishagin,Male,Finance,Analyst,27,36492.46,3,97.47,183,no,08-08-2015,Nashik
243,Danny Whetson,Female,IT,Analyst,35,39736.37,5,93.14,197,no,6-19-2024,Solapur
244,Allegra Bezley,Female,Sales,Manager,30,29083.77,3,96.28,180,no,4-20-2024,Solapur
245,Freeman McHaffy,Male,HR,Executive,43,35053.65,1,85.39,176,yes,1-20-2017,Nagpur
246,Ryon Ranyell,Male,Sales,Analyst,34,44044.06,4,85.47,153,yes,10-16-2018,Solapur
247,Rosy Durrans,Female,Finance,Developer,30,62638.57,5,84.61,152,yes,4-22-2018,Solapur
248,Barris Cotman,Male,Sales,Analyst,36,57068.83,1,94.02,156,yes,3-23-2015,Solapur
249,Lisha Winfrey,Female,Finance,Manager,41,25229.01,5,86.79,179,no,02-05-2024,Amravati
250,Steve Echlin,Male,Sales,Developer,38,56433.46,1,89.33,166,yes,4-17-2023,Amravati
251,Sabina Whatmough,Female,HR,Executive,34,44926.06,3,90.26,199,no,06-04-2017,Amravati
252,Aloisia Clitheroe,Female,HR,Analyst,43,32099.96,4,91.12,156,yes,06-11-2025,Pune
253,Sydney Bonde,Female,IT,Developer,40,26605.8,2,83.84,165,yes,08-04-2024,Mumbai
254,Lucinda Cano,Female,HR,Analyst,36,55527.65,5,98.39,168,yes,05-02-2019,Solapur
255,Nathanil McNiven,Male,HR,Developer,40,46231.97,2,83.37,172,no,12-06-2015,Solapur
256,Phillida Kellard,Female,IT,Executive,37,26973.53,4,96.54,173,no,09-02-2024,Pune
257,Dave Mersey,Male,Finance,Manager,34,70149.84,2,88.99,177,yes,11-16-2020,Mumbai
258,Sigrid Sangra,Female,IT,Analyst,35,82252.78,5,88.99,169,no,6-24-2020,Nashik
259,Faye Varley,Female,IT,Manager,41,66791.23,4,93.01,158,no,4-16-2015,Aurangabad
260,Lawrence MacGillicuddy,Male,IT,Analyst,28,26962.97,3,83.03,192,no,02-07-2025,Nagpur
261,Ammamaria Dash,Female,Finance,Manager,37,54109.54,4,82.12,196,yes,4-23-2022,Solapur
262,Dewitt Robertson,Male,Sales,Analyst,26,85282.87,3,89.08,195,no,11-13-2016,Pune
263,Shelley Grewe,Genderqueer,HR,Manager,33,67971.53,3,83.19,150,no,02-05-2016,Solapur
264,Lucinda Marklow,Female,Sales,Manager,45,57316.96,4,92.44,161,yes,5-25-2016,Nashik
265,Gradeigh Davie,Male,Finance,Manager,30,56003.15,5,82.89,168,no,11-06-2018,Amravati
266,Bastian Ert,Male,Finance,Analyst,44,82185.7,2,90.12,160,no,08-12-2025,Amravati
267,Torie Nevitt,Female,IT,Analyst,32,83517.25,5,85.33,170,no,6-17-2017,Nagpur
268,Avie Toulmin,Female,Sales,Developer,31,81845.02,2,89.42,192,no,12-15-2025,Aurangabad
269,Wright Sheridan,Male,HR,Analyst,44,34852.73,5,86.34,196,yes,01-08-2022,Pune
270,Kristofor Lumber,Male,Sales,Analyst,28,37682.51,4,83.74,199,no,8-21-2018,Nashik
271,Shanta Hatfull,Female,HR,Manager,23,33803.21,5,90.72,161,yes,03-01-2024,Solapur
272,Marylinda Blueman,Female,IT,Manager,40,48980.57,4,82.62,173,no,01-04-2025,Mumbai
273,Cory Murdoch,Male,Finance,Manager,24,40130.46,3,91.48,195,yes,12-28-2020,Nashik
274,Sidnee Balser,Male,IT,Executive,33,44415.61,4,99.28,167,yes,8-30-2018,Nagpur
275,Annmaria Varvell,Female,HR,Manager,45,39553.6,5,83.81,165,no,11-24-2019,Amravati
276,Jens Sellick,Male,IT,Developer,42,40251.62,2,98.06,168,no,9-15-2015,Amravati
277,Levin Enrigo,Male,Finance,Developer,29,41458.15,3,83.85,176,yes,3-15-2020,Mumbai
278,Hephzibah Henrique,Female,Finance,Analyst,43,74123.93,3,87.93,174,yes,07-06-2025,Mumbai
279,Justino Shitliff,Male,Sales,Analyst,33,89823.33,1,91.93,179,no,4-16-2017,Pune
280,Edi Patis,Female,Finance,Manager,23,38852,2,96.79,178,no,02-05-2017,Solapur
281,Blanche O'Brien,Female,Sales,Developer,36,39018.43,4,82.41,160,yes,1-17-2016,Aurangabad
282,Hilda Flood,Female,HR,Manager,34,31048.36,3,82.42,199,yes,5-21-2016,Pune
283,Jehanna Strowan,Female,IT,Executive,37,64173.66,2,82.82,158,yes,9-28-2019,Pune
284,Nollie Rossant,Genderqueer,IT,Manager,26,27429.46,5,95.9,169,no,8-31-2016,Amravati
285,Siegfried Aven,Male,IT,Analyst,39,49638.51,5,85.68,189,no,8-24-2022,Amravati
286,Rania Bollands,Female,HR,Manager,27,51177.85,5,93.71,183,yes,11-13-2016,Nagpur
287,Jerome De Benedetti,Male,Sales,Analyst,29,55452.4,1,89.81,153,yes,3-18-2018,Aurangabad
288,Marja McGuggy,Female,Finance,Manager,24,31583.63,4,85.79,159,yes,5-21-2020,Solapur
289,Zaccaria Brislan,Male,HR,Analyst,43,39073.36,1,91.19,188,yes,04-02-2017,Mumbai
290,Pearline Apps,Female,Sales,Executive,39,77555.8,1,90.25,160,no,1-14-2024,Nashik
291,Dallas Esselin,Male,Finance,Executive,39,70523.51,3,84.76,190,yes,12-07-2015,Nashik
292,Isadore O'Hanley,Male,Finance,Manager,42,74779.94,4,96.87,190,no,10-27-2024,Aurangabad
293,Lauri Bartosek,Female,Sales,Executive,26,48683.57,4,85.99,184,yes,7-17-2015,Solapur
294,Ranee Hamerton,Female,HR,Analyst,25,52120.88,3,80.63,183,yes,09-02-2023,Pune
295,Edd Dunseath,Male,Finance,Analyst,36,65807.51,3,99.81,180,no,04-05-2020,Pune
296,Noreen Phelip,Female,Sales,Developer,39,29082.78,1,83.97,175,yes,10-01-2017,Solapur
297,Penny Crowther,Male,HR,Executive,43,79089.98,4,82.72,150,no,10-01-2015,Aurangabad
298,Carver Giacopazzi,Male,IT,Developer,24,38461.78,5,93.12,179,no,04-01-2019,Nashik
299,Lorrie Lamasna,Male,HR,Developer,33,29983.11,3,95.41,169,no,5-20-2017,Aurangabad
300,Hunt Mahaddie,Male,IT,Developer,23,43177.69,4,99.74,178,yes,09-01-2021,Solapur
301,Vally Allbrook,Female,Sales,Manager,25,43364.7,5,98.22,164,no,3-28-2022,Mumbai
302,Joscelin Beardshaw,Female,HR,Executive,38,28148.6,1,94.32,157,yes,01-09-2025,Nashik
303,Neill Haly,Male,Sales,Analyst,29,69236.69,2,85.75,176,no,07-06-2021,Aurangabad
304,Dredi Greenwood,Female,Finance,Manager,23,51865.88,5,83.07,184,yes,11-29-2021,Solapur
305,Mercy Georges,Female,Finance,Analyst,25,45615.27,5,94.55,178,no,3-25-2025,Mumbai
306,Redd O'Neil,Male,HR,Manager,30,34235.38,1,91.7,195,no,6-19-2018,Nashik
307,Filbert Adcocks,Male,Finance,Developer,29,80567.8,2,95.27,177,yes,9-29-2019,Mumbai
308,Gennifer Antao,Female,IT,Analyst,31,47439.4,5,99.4,154,yes,07-07-2017,Aurangabad
309,Charmaine Coverly,Female,Finance,Executive,24,51982.54,3,99.02,173,no,06-01-2020,Mumbai
310,Stavros Barnicott,Male,IT,Manager,31,31682.98,5,83.65,173,yes,11-16-2015,Solapur
311,Hermon Loudiane,Male,HR,Manager,38,77833.04,2,93.67,175,yes,1-28-2025,Aurangabad
312,Ardith Piwall,Female,Sales,Executive,36,85138.51,5,81.63,160,no,1-16-2020,Amravati
313,Guglielma Lawranson,Female,Finance,Analyst,22,86759.98,3,86.23,192,yes,11-11-2015,Mumbai
314,Baudoin Wardale,Male,Finance,Developer,37,39562.99,2,81.37,157,no,12-18-2020,Mumbai
315,Aeriell Cruise,Female,Finance,Developer,22,60004.48,5,82.09,181,no,10-19-2020,Solapur
316,Hildegarde Seif,Female,IT,Manager,38,72349.02,5,88.02,163,no,03-03-2017,Mumbai
317,Ellsworth Fresson,Male,HR,Executive,34,84763.76,3,86.84,152,yes,7-20-2018,Mumbai
318,Sheree Gavrielli,Female,Sales,Analyst,26,62622.64,4,94.58,152,no,11-12-2015,Aurangabad
319,Ursala Ilyushkin,Female,Finance,Executive,22,46618.8,4,99.38,187,no,04-09-2023,Nashik
320,Barnabas Huckstepp,Male,HR,Analyst,36,40743.75,3,96.23,177,yes,10-11-2023,Solapur
321,Yuma Kimm,Bigender,Sales,Developer,38,73671.03,3,92.67,184,no,6-16-2024,Aurangabad
322,Jerad Athey,Male,HR,Analyst,23,74372.19,5,82.65,187,yes,10-18-2025,Nashik
323,Caralie Blackey,Female,Sales,Manager,39,55965.08,4,91.17,194,yes,12-17-2024,Nagpur
324,Korry O'Rafferty,Female,Sales,Analyst,23,89627.13,4,89.5,158,yes,04-02-2022,Aurangabad
325,Pren Wimes,Male,HR,Developer,38,81370.95,2,97.56,200,no,07-09-2020,Pune
326,Newton Sibson,Agender,Sales,Analyst,36,89436.38,4,94.12,173,yes,03-07-2020,Nashik
327,Shay Sommerly,Male,HR,Executive,40,72325.59,3,92.47,186,yes,04-03-2025,Pune
328,Tyson Clowley,Male,Finance,Executive,39,53441.4,5,86.25,184,yes,06-06-2025,Solapur
329,Jere Cowpertwait,Female,IT,Analyst,39,45813.23,4,88.67,172,yes,11-11-2017,Nashik
330,Margareta Chittem,Non-binary,IT,Analyst,45,70481.33,3,85.49,159,no,09-10-2022,Aurangabad
331,Alic Aulds,Male,Finance,Analyst,38,61754.32,5,85.01,184,yes,4-29-2018,Nashik
332,Price Goodlett,Male,Sales,Manager,22,50158.55,5,93.81,152,yes,4-18-2025,Solapur
333,Jethro Copin,Male,Finance,Executive,40,75524.03,2,88.95,190,no,12-20-2015,Aurangabad
334,Rice Bradtke,Genderfluid,HR,Developer,31,87414.07,2,93.09,153,yes,12-25-2023,Nagpur
335,Anstice Tremmil,Female,IT,Analyst,26,39667.23,5,87.82,195,yes,11-13-2016,Amravati
336,Chase Zollner,Male,Sales,Executive,40,70995.85,2,81.79,163,yes,3-22-2024,Mumbai
337,Starla Skeel,Female,Finance,Manager,23,29800.88,2,88.2,194,yes,1-16-2023,Amravati
338,Liam Molloy,Polygender,IT,Manager,36,79349.73,2,89.95,176,yes,6-23-2022,Aurangabad
339,Milo Novelli,Male,IT,Manager,37,89110.25,3,99.3,176,no,9-27-2016,Solapur
340,Mureil Bodell,Female,HR,Analyst,34,75358.35,4,93.16,187,yes,10-04-2015,Nashik
341,Jeni Gagen,Female,HR,Developer,30,84189.13,2,81.86,188,no,6-13-2018,Aurangabad
342,Ulrick Wixey,Male,Sales,Manager,45,34457.86,5,97.45,151,no,3-18-2016,Mumbai
343,Claire Rodrigues,Male,Finance,Developer,25,65416.85,4,87.92,175,no,2-26-2019,Nashik
344,Marlo Ilewicz,Male,Finance,Executive,22,41905.86,1,98.52,187,yes,3-17-2018,Nagpur
345,Giraud Perrelli,Male,HR,Developer,25,78937.63,5,97.33,169,no,12-13-2019,Amravati
346,Rebe Petrillo,Female,IT,Analyst,44,32507.33,1,82.99,186,yes,07-08-2019,Nashik
347,Germain Elcoat,Female,HR,Developer,29,45050.48,1,84.58,173,no,7-23-2019,Pune
348,Kirsti Hanrahan,Female,IT,Executive,45,26270.66,2,80.41,171,yes,3-13-2024,Mumbai
349,Hy Coull,Polygender,Finance,Manager,36,88806.92,1,99.58,160,no,2-15-2015,Solapur
350,Kori Bambridge,Female,Finance,Developer,45,29711.88,5,94.4,158,yes,11-10-2015,Mumbai
351,Solly Jakubiak,Male,Sales,Executive,32,64323.88,2,81.2,151,no,5-21-2018,Mumbai
352,Darryl Longhorne,Male,IT,Developer,44,74617.8,3,99.81,187,no,02-10-2020,Solapur
353,Lucas Rontree,Male,IT,Executive,38,83659.32,3,94.51,177,yes,08-10-2019,Nagpur
354,Lynna Gaishson,Female,HR,Developer,37,40011.11,2,93.97,150,no,02-11-2023,Amravati
355,Claudette Caulier,Female,Finance,Manager,36,37065.25,4,98.84,150,no,10-17-2021,Solapur
356,Fanny Woodworth,Female,IT,Developer,42,25863.29,2,92.48,182,no,10-10-2018,Nashik
357,Vince Albon,Male,IT,Developer,36,70174.42,1,80.59,195,yes,3-23-2024,Amravati
358,Tallie Yelland,Female,HR,Executive,35,30805.14,1,93.45,192,yes,6-27-2021,Mumbai
359,Ailee Ayscough,Female,Finance,Manager,27,74695.53,3,96.83,156,yes,2-19-2023,Amravati
360,Uta Runcie,Female,Finance,Executive,24,52090.92,2,91.95,200,yes,04-11-2021,Amravati
361,Obadias Dourin,Male,HR,Manager,29,78523.44,1,93.64,198,no,03-11-2017,Amravati
362,Brien McIleen,Male,IT,Executive,37,43481.39,1,85.07,173,yes,5-30-2025,Aurangabad
363,Selby Danjoie,Bigender,IT,Manager,28,52700.53,3,91.65,200,no,3-30-2025,Mumbai
364,Tobey De Vaan,Female,IT,Manager,34,74087.88,1,91.19,163,no,12-11-2021,Aurangabad
365,Saunder Leither,Male,HR,Developer,43,59561.92,1,98.17,155,no,10-05-2021,Amravati
366,Constancia Keyser,Genderqueer,IT,Executive,39,39833.05,3,91.23,155,no,05-04-2022,Nagpur
367,Berke Helstrom,Male,IT,Analyst,40,55533.67,2,80.78,183,no,6-26-2017,Aurangabad
368,Rube Habeshaw,Male,IT,Analyst,32,48708.22,4,83.4,196,yes,08-07-2021,Nagpur
369,Skyler Chetwind,Male,Sales,Manager,34,47983.5,1,83.23,175,no,08-05-2018,Aurangabad
370,Fernande Hanrahan,Female,IT,Developer,38,39829.25,2,90.52,153,yes,7-17-2018,Nashik
371,Lorraine Joseff,Female,Finance,Executive,32,33048.17,1,81.36,168,no,5-21-2022,Mumbai
372,Doris Segoe,Female,Sales,Manager,45,81403.38,2,84.29,173,yes,11-12-2017,Solapur
373,Launce Crennell,Male,Sales,Analyst,25,56636.93,3,92.95,162,yes,6-22-2021,Pune
374,Eddi Kennaway,Female,HR,Manager,23,53392.33,1,81.42,157,yes,12-11-2020,Nashik
375,Valeria Haswall,Female,Finance,Manager,31,47141.81,1,96.26,176,yes,04-03-2022,Amravati
376,Roshelle Prettyman,Female,IT,Developer,26,60143.69,2,85.79,161,yes,9-18-2024,Solapur
377,Lucia Waud,Female,HR,Executive,26,71754.26,2,86.54,175,yes,1-26-2023,Nashik
378,Katalin Jefferson,Female,Sales,Analyst,45,58364.78,2,89.78,179,yes,9-20-2016,Pune
379,Bibbie Gillio,Female,Sales,Developer,36,87625.83,3,94.6,151,yes,4-15-2017,Mumbai
380,Donnell Iban,Male,Finance,Manager,41,41636.38,2,93.04,195,yes,10-08-2015,Solapur
381,Marcelo Woodyatt,Male,IT,Manager,44,75406.83,5,94.59,166,no,4-23-2015,Mumbai
382,Brita Lafee,Female,HR,Analyst,45,72111.71,3,83.83,181,no,09-09-2016,Solapur
383,Barnett Ketley,Male,Sales,Manager,25,50632.58,3,86.36,159,yes,2-28-2015,Nagpur
384,Ellyn Webling,Female,Finance,Developer,34,30970.46,3,95.82,158,yes,3-14-2016,Nashik
385,Adolf Degoix,Male,Sales,Analyst,39,63700.25,5,87.34,183,no,6-26-2023,Solapur
386,Geordie Reach,Male,Finance,Executive,41,75563.34,2,92.42,173,no,1-28-2018,Amravati
387,Lyndsie Roark,Female,Sales,Developer,41,51349.74,3,98.28,172,yes,05-03-2024,Pune
388,Mal Tout,Male,Sales,Developer,34,50562.09,1,86.49,182,yes,07-06-2024,Pune
389,Gram Minot,Male,IT,Analyst,44,38806.37,1,95.43,169,yes,6-15-2023,Pune
390,Celle Streeting,Female,IT,Manager,33,30340.46,3,98.02,169,no,8-13-2023,Aurangabad
391,Laughton Carragher,Male,IT,Manager,41,40684.3,2,84.53,163,yes,3-14-2018,Amravati
392,Agatha Woollcott,Female,HR,Executive,42,59014.19,3,89.04,156,yes,03-05-2022,Nagpur
393,Muire Alejandro,Polygender,Finance,Developer,34,89552.29,3,97.47,153,no,01-05-2017,Nashik
394,Vyky Trevena,Female,IT,Manager,39,46530.35,3,81.55,172,no,3-13-2016,Pune
395,Martita Peplaw,Female,IT,Developer,30,88082.07,5,99.9,176,yes,9-15-2022,Aurangabad
396,Prince Jelks,Male,IT,Analyst,36,50245.3,4,84.43,171,no,12-20-2022,Mumbai
397,Zarla Burchard,Female,HR,Analyst,44,37678.25,5,84.11,164,yes,05-07-2025,Amravati
398,Dyane Rudkin,Female,Finance,Manager,31,57816.38,1,81.79,165,yes,11-28-2024,Pune
399,Emlen Paolino,Male,Finance,Developer,33,35996.75,4,97.53,168,yes,8-21-2016,Nagpur
400,Melisse Ivanusyev,Female,HR,Analyst,37,88899.06,2,85.53,151,yes,6-17-2024,Solapur
401,Carlynn Jimenez,Female,IT,Executive,26,83750.4,2,96.13,200,yes,03-07-2018,Nashik
402,Rhianon Brodbin,Female,Sales,Analyst,35,36070.29,3,81.57,180,yes,3-21-2015,Amravati
403,Heddie Alleyn,Female,IT,Executive,36,45348.12,1,91.95,195,no,4-26-2017,Mumbai
404,Jeanna Hamments,Female,HR,Executive,41,46725.73,3,90.51,156,yes,05-06-2022,Amravati
405,Jasmin Lucy,Bigender,Sales,Analyst,39,75733.01,3,92.2,197,yes,04-03-2017,Aurangabad
406,Alec Cromett,Male,Sales,Developer,42,81270.43,2,97.88,191,yes,12-31-2017,Amravati
407,Asher MacGahey,Male,Finance,Manager,30,27629.92,1,86.69,168,no,02-07-2024,Amravati
408,Joshuah Rattry,Male,IT,Manager,27,46948.92,3,97.66,156,yes,7-27-2020,Solapur
409,Kirby Furley,Male,HR,Developer,24,57113.42,1,84.09,192,yes,10-20-2022,Amravati
410,Giovanna Jordin,Female,IT,Developer,35,67086.84,1,81.17,181,no,10-02-2018,Mumbai
411,Justus Rubinek,Male,HR,Executive,26,46465.06,1,94.58,184,no,07-09-2024,Solapur
412,Rafferty Barrs,Male,Sales,Executive,41,43514.53,5,94.88,167,yes,5-14-2023,Nashik
413,Vyky Lichfield,Polygender,Sales,Manager,30,60229.03,3,98.68,152,no,10-22-2020,Solapur
414,Barbaraanne Middle,Female,HR,Analyst,38,64563.64,2,84.29,176,yes,01-11-2024,Pune
415,Elspeth Fareweather,Female,Finance,Manager,34,35020.61,1,98.58,159,no,3-30-2022,Aurangabad
416,Lorene Da Costa,Female,IT,Developer,33,25662.76,1,90.5,188,yes,7-24-2017,Solapur
417,Quinn Kalinsky,Female,Sales,Developer,27,52087.21,4,94.26,153,yes,3-30-2023,Amravati
418,Mattie Coatsworth,Female,HR,Developer,25,42729.97,4,82.97,179,no,3-22-2022,Aurangabad
419,Paco Bettenay,Male,IT,Executive,27,54995.13,4,92.3,178,no,4-30-2017,Nagpur
420,Dareen Lockie,Female,Finance,Manager,28,69345.52,4,91.3,190,no,2-14-2021,Solapur
421,Frederigo Duran,Male,IT,Analyst,45,44394.43,2,87.89,183,no,08-11-2017,Nashik
422,Annora Farrington,Genderqueer,HR,Executive,43,55165.86,2,92.14,150,yes,7-23-2024,Amravati
423,Doy Caswill,Male,IT,Developer,34,84829.83,1,95.99,164,no,1-15-2021,Nashik
424,Farrand Gillicuddy,Female,HR,Executive,26,63129.72,4,98.61,178,no,11-23-2015,Solapur
425,Zelda Dei,Female,Finance,Developer,43,44080.38,4,80.26,180,no,09-04-2015,Pune
426,Haven Kennerley,Non-binary,Sales,Developer,34,48759.57,1,98.46,186,no,07-11-2021,Nagpur
427,Kalle Tourry,Male,IT,Analyst,31,57341.49,3,99.72,161,no,5-27-2015,Mumbai
428,Nari Reedick,Female,Finance,Analyst,28,35025.82,1,90.03,165,yes,07-07-2023,Nashik
429,Antonino Benard,Male,Finance,Manager,44,72403.54,2,96.09,198,yes,5-29-2020,Nagpur
430,Brose Corradengo,Male,IT,Executive,43,50260.81,1,95.8,177,no,05-10-2025,Mumbai
431,Anne-corinne Austins,Bigender,Sales,Executive,31,79851.43,1,81.9,156,yes,3-17-2020,Nagpur
432,Bradan Turford,Male,Sales,Manager,25,43702.8,5,94.9,163,yes,3-29-2019,Aurangabad
433,Amelie Giovannazzi,Female,HR,Manager,26,62379.62,1,83.52,154,no,11-08-2015,Amravati
434,Selestina Goody,Female,Finance,Executive,42,55202.11,2,97,196,no,8-28-2015,Amravati
435,Theodor Gowen,Male,Sales,Developer,42,62133.26,1,84.77,174,yes,9-17-2024,Mumbai
436,Herby Pessler,Male,IT,Developer,27,66583.28,4,84.14,155,yes,09-04-2018,Aurangabad
437,Baird Corner,Male,Finance,Analyst,43,25351.91,3,87.61,153,no,1-22-2024,Amravati
438,Justus Sherman,Male,HR,Manager,45,42257.44,1,95.02,152,no,09-01-2019,Amravati
439,Babara Quantrill,Female,Finance,Manager,39,52359.76,3,89.75,191,no,04-07-2016,Nashik
440,Lorenza Fuentes,Female,HR,Analyst,39,71002.88,2,95.79,161,no,8-24-2016,Pune
441,Mart Evason,Male,Finance,Developer,31,82733.18,5,84.21,154,no,11-07-2018,Pune
442,Freeman Kelly,Male,HR,Manager,39,77163.93,5,94.76,176,no,1-29-2015,Pune
443,Gianina Viner,Female,Sales,Developer,42,77288.22,4,84.93,161,no,10-23-2020,Solapur
444,Cassondra Seid,Female,Sales,Analyst,24,43148.23,2,93.14,195,yes,11-09-2025,Aurangabad
445,Kalina Padgett,Female,Finance,Developer,33,37989.77,2,96.06,199,no,1-21-2018,Nagpur
446,Harold Starsmeare,Bigender,IT,Analyst,28,54005.48,3,90.37,165,no,9-23-2020,Solapur
447,Jarib St Leger,Male,HR,Analyst,25,36440.27,2,97.43,155,yes,11-28-2022,Nagpur
448,Katharine Kirwin,Female,HR,Analyst,26,60268.09,3,84.37,193,no,11-30-2025,Aurangabad
449,Christoforo Affuso,Male,Finance,Developer,42,88837.39,4,96.83,178,no,04-11-2024,Pune
450,Doralynne Proudler,Female,Sales,Executive,28,33306.01,1,97.85,171,no,12-31-2017,Pune
451,Halette Muzzi,Female,HR,Analyst,32,49472.88,3,86.83,198,no,11-18-2015,Aurangabad
452,Reggy Branca,Male,Finance,Executive,33,84354.37,2,84.71,198,yes,7-29-2025,Solapur
453,Baillie Borrill,Male,Sales,Analyst,32,65179.76,3,99.4,184,no,7-29-2025,Aurangabad
454,Porty Leyrroyd,Male,Sales,Manager,43,29151.1,4,97.12,169,no,07-07-2021,Aurangabad
455,Andriette Shower,Female,HR,Analyst,41,36509.46,2,92.45,155,yes,3-22-2018,Aurangabad
456,Darryl Butterfield,Male,IT,Analyst,45,60965.71,2,82.14,172,yes,06-05-2016,Mumbai
457,Dolores Silversmidt,Female,Finance,Developer,30,47048.94,3,91.75,190,yes,12-26-2021,Nagpur
458,Bruis Borrowman,Male,IT,Analyst,34,69065.76,4,81.63,170,yes,03-07-2015,Mumbai
459,Viole Pringour,Genderqueer,HR,Developer,30,47934.63,2,96.34,199,no,7-23-2016,Amravati
460,Blane Schaffler,Male,IT,Executive,34,61076.05,3,83.84,185,yes,7-19-2018,Mumbai
461,Paul Simione,Male,Sales,Executive,36,39061.12,5,98.24,167,yes,10-14-2018,Pune
462,Willow Cubbit,Female,HR,Developer,37,45122.76,1,98.91,187,yes,09-06-2021,Nashik
463,Phineas Karpychev,Male,IT,Analyst,43,81184.79,5,82.15,188,no,6-13-2025,Nagpur
464,Lelia Illem,Female,IT,Manager,30,30859.2,4,90.38,167,yes,4-26-2016,Solapur
465,Annie Rawles,Female,Finance,Analyst,34,38986.99,2,89.75,193,yes,12-31-2015,Mumbai
466,Nannie Murcutt,Female,Finance,Analyst,41,72620.25,1,90.37,172,yes,06-01-2023,Solapur
467,Eddie Bladge,Female,IT,Analyst,26,40957.24,3,96.42,161,yes,8-18-2020,Pune
468,Inez Maddigan,Bigender,Sales,Manager,24,78571.76,5,97.61,186,no,05-01-2019,Nashik
469,Jacinthe Mottershaw,Female,Sales,Analyst,33,36012.71,4,88.61,161,yes,8-28-2020,Mumbai
470,Christos Yukhtin,Male,HR,Developer,31,65163.58,2,87.04,181,yes,03-01-2017,Nagpur
471,Winny Ibell,Female,IT,Developer,23,32318.77,5,84.73,168,no,6-18-2019,Mumbai
472,Sheelah Rumsby,Female,IT,Developer,25,32130.61,5,92.98,191,no,5-29-2020,Aurangabad
473,Lenette Schofield,Female,IT,Analyst,32,80097.77,4,85.95,169,no,12-04-2025,Solapur
474,Hilary Skivington,Male,IT,Executive,22,52859.4,4,83.16,175,yes,05-07-2021,Solapur
475,Hobey Yankin,Male,Sales,Developer,29,25414.95,2,91.51,160,yes,9-29-2016,Mumbai
476,Silvan Longrigg,Male,HR,Executive,40,81779.28,2,92.49,195,no,6-27-2018,Solapur
477,Corliss Corrao,Bigender,HR,Manager,43,42377.99,3,87.58,164,no,12-10-2016,Pune
478,Wallie Rake,Male,Sales,Developer,25,27356.25,2,96.84,199,yes,7-26-2025,Aurangabad
479,Fidole Shakelady,Male,Sales,Executive,36,87563.36,3,81.74,150,no,1-28-2018,Solapur
480,Faunie Haresign,Female,IT,Analyst,43,78677.11,2,80.04,200,yes,6-26-2022,Aurangabad
481,Caterina Loades,Female,Finance,Manager,44,82698.54,3,93.57,184,no,4-17-2023,Amravati
482,Brigit Horche,Female,Sales,Manager,27,40754.96,2,95.77,161,yes,5-18-2020,Pune
483,Reeva Winfield,Female,IT,Manager,34,42066.4,2,81.6,166,yes,8-23-2020,Pune
484,Gerrilee Clowney,Female,HR,Analyst,33,67933.1,5,80.86,179,yes,11-04-2019,Aurangabad
485,Lorrie Smithers,Male,Sales,Developer,43,61491.03,2,90.1,159,no,12-03-2016,Pune
486,Bobbie Dackombe,Female,HR,Developer,40,51372.69,2,95.67,191,no,9-25-2016,Amravati
487,Marylee Bassil,Female,Finance,Developer,37,70778.35,3,80.26,187,yes,5-25-2024,Amravati
488,Poul Siemon,Male,Finance,Manager,32,87986.3,1,81.68,193,yes,10-23-2023,Amravati
489,Chico Adelsberg,Male,Sales,Developer,39,40062,5,92.29,158,no,08-05-2017,Aurangabad
490,Jermaine Pfaffel,Male,Finance,Analyst,38,44420.62,3,83.87,185,no,09-12-2024,Nagpur
491,Maisie Phillcox,Female,Finance,Analyst,34,77396.77,5,88.13,180,no,05-05-2022,Nagpur
492,Christie Manass,Male,Sales,Analyst,43,32912.11,4,86.06,193,no,03-07-2018,Nashik
493,Cordy Champerlen,Male,Sales,Developer,38,40532.97,3,96.68,171,yes,4-19-2020,Aurangabad
494,Daveen Josuweit,Female,Sales,Developer,27,79885.06,2,86.39,180,no,03-10-2021,Pune
495,Janene Scad,Female,HR,Analyst,34,61165.91,3,92.81,158,no,02-03-2023,Nashik
496,Mikael Tullett,Male,Finance,Executive,30,70057.9,2,88.39,150,no,12-23-2015,Nashik
497,Hurlee Quince,Genderqueer,Finance,Analyst,34,58821.85,2,86.23,159,no,9-25-2021,Nagpur
498,Andrey Lobe,Genderqueer,HR,Manager,32,87996.18,5,85.67,153,yes,10-10-2018,Solapur
499,Aldon Richings,Male,Finance,Manager,31,63908.19,4,83.49,190,no,7-31-2025,Aurangabad
500,Pippy Emmott,Female,Sales,Manager,44,29919.26,5,80.11,152,yes,1-29-2016,Nagpur
501,Gerianna Haste,Female,HR,Manager,26,59732.14,1,83.12,182,yes,08-12-2017,Aurangabad
502,Wait Spering,Male,Finance,Manager,45,56837.66,5,80.27,194,yes,11-27-2024,Amravati
503,Hale Chavez,Male,Finance,Manager,43,87422.06,5,83.29,195,no,09-02-2015,Aurangabad
504,Raf Tapscott,Female,Sales,Manager,34,50080.87,3,91.22,194,no,12-13-2018,Pune
505,Barri Fetherston,Male,IT,Manager,37,68584.86,3,98.96,184,yes,08-10-2021,Mumbai
506,Rubina Bliben,Female,IT,Manager,39,79729.63,2,85.96,166,yes,4-28-2020,Solapur
507,Lonee Hedworth,Female,IT,Analyst,42,77621.28,4,98.17,198,no,2-24-2019,Pune
508,Dina Treadwell,Female,Finance,Manager,44,63237.02,2,83.1,176,yes,09-11-2015,Pune
509,Pippo Conibear,Male,IT,Manager,26,88410.88,2,99.19,177,yes,5-16-2024,Aurangabad
510,Any Riddington,Bigender,HR,Developer,31,79663.22,3,91.78,172,no,02-05-2024,Solapur
511,Mimi Wyse,Female,HR,Executive,33,37169.7,4,81.28,178,yes,06-10-2025,Nashik
512,Katalin Fitzjohn,Female,HR,Analyst,39,81194.62,2,93.64,190,yes,05-10-2019,Nagpur
513,Maddy Davoren,Male,Finance,Manager,43,65806.09,2,97.69,164,yes,5-16-2019,Mumbai
514,Rhodia Bigg,Female,IT,Developer,32,58018.62,2,80.36,182,no,05-03-2016,Mumbai
515,Candi Lopez,Female,Finance,Developer,31,47050.26,1,97.56,165,no,06-09-2017,Nashik
516,Alyce Antonsson,Female,Finance,Executive,27,86183.59,4,96.99,164,no,1-14-2018,Nagpur
517,Euphemia Matcham,Female,Sales,Executive,25,55840.18,3,82.03,199,no,1-29-2021,Nagpur
518,Gav Rizzelli,Male,HR,Developer,36,47268.24,5,86.12,194,no,2-26-2021,Nashik
519,Tallia Di Meo,Female,IT,Manager,24,54963.07,5,93.34,186,no,02-05-2023,Nagpur
520,Timmi Kropp,Female,IT,Executive,28,61456.13,1,99.01,159,yes,01-05-2015,Solapur
521,Sonya MacArdle,Female,Finance,Analyst,24,81097.39,2,84.98,187,yes,4-18-2024,Nagpur
522,Yehudi Headan,Non-binary,Finance,Developer,36,61284.59,2,82.07,172,no,2-21-2017,Aurangabad
523,Faith Sottell,Female,Sales,Executive,44,88293.7,2,95.08,189,yes,9-13-2020,Nashik
524,Onfroi Hanse,Male,Finance,Manager,32,89029.66,2,99.35,159,no,1-21-2016,Amravati
525,Rois McTurk,Female,Finance,Analyst,29,65636.98,2,83.84,182,yes,10-20-2020,Nashik
526,Marianna Hallet,Female,Finance,Developer,22,32693.85,1,96.32,165,yes,01-09-2015,Nagpur
527,Bobbye Cringle,Female,Finance,Analyst,38,46613.77,5,80.68,196,no,4-29-2019,Pune
528,Brunhilde Towsey,Female,HR,Developer,43,58781.8,2,96.53,178,no,7-15-2025,Aurangabad
529,Rogerio Grimsey,Male,IT,Manager,41,80876.28,1,93.31,160,yes,9-17-2015,Mumbai
530,Roland Ludford,Male,Sales,Manager,27,48371.86,5,98.96,184,yes,6-27-2018,Solapur
531,Allegra Piel,Female,IT,Analyst,27,70063.9,3,87.73,165,yes,08-06-2023,Pune
532,Ermin Likly,Male,IT,Manager,36,82142.89,4,81.82,192,no,02-06-2016,Aurangabad
533,Sari Tidd,Female,IT,Analyst,30,81768.54,3,88.18,198,yes,3-25-2023,Mumbai
534,Jacobo Hearson,Male,IT,Developer,28,38504.27,3,82.21,182,yes,01-10-2019,Solapur
535,Lynett Jardine,Female,Finance,Developer,31,83829.3,3,99.56,156,yes,8-30-2022,Nashik
536,Henrik Brognot,Male,HR,Analyst,22,54239.75,4,84.66,172,no,8-19-2023,Aurangabad
537,Carole Willimont,Female,IT,Developer,43,50890.98,3,93.83,167,no,2-18-2023,Solapur
538,Dionis Glanton,Female,HR,Analyst,23,75238.96,4,82.31,200,no,10-24-2024,Solapur
539,Esdras Paulucci,Male,IT,Developer,43,70612.24,1,92.09,158,yes,11-27-2021,Nagpur
540,Barbee Parkisson,Female,IT,Executive,27,34001.44,3,92.23,175,yes,10-12-2020,Aurangabad
541,Gabie Zoppie,Female,HR,Analyst,25,51177.92,4,89.16,153,no,11-14-2021,Aurangabad
542,Lorettalorna Loveland,Female,Finance,Executive,24,50715.23,4,87.13,171,no,8-29-2020,Nashik
543,Cornelle Goggins,Genderfluid,Finance,Manager,24,61810.06,2,93.45,151,yes,12-23-2021,Mumbai
544,Marcelia Agius,Female,HR,Developer,27,26387.42,1,83.21,165,yes,07-01-2016,Solapur
545,Harli Wahner,Female,Finance,Analyst,27,36817.85,4,89.63,150,yes,9-24-2025,Nashik
546,Celestine Runge,Female,Finance,Developer,32,80054.51,3,98.45,190,no,12-20-2021,Amravati
547,Cy Whayman,Male,HR,Analyst,33,69440.48,5,85.63,186,yes,01-05-2016,Amravati
548,Hy Serginson,Male,HR,Executive,33,28594.38,4,81.01,167,no,1-19-2024,Mumbai
549,Wendeline Penvarne,Female,Sales,Executive,24,32848.9,4,91.21,194,yes,08-04-2021,Mumbai
550,Patric Barnwall,Male,IT,Manager,26,31915.07,4,97.54,175,no,02-03-2019,Nagpur
551,Cherrita Burston,Female,IT,Manager,40,80984.56,4,92.2,173,yes,11-18-2021,Aurangabad
552,Earvin Preto,Male,Finance,Developer,42,57243.35,5,89.91,171,yes,8-28-2018,Nashik
553,Noelani Walduck,Female,Sales,Executive,29,76122.72,4,97.25,172,no,06-03-2022,Nashik
554,Enriqueta Challice,Female,Finance,Developer,24,44896.21,2,98.44,156,yes,2-14-2021,Nagpur
555,Gui Mathonnet,Agender,Finance,Executive,44,36625.86,4,88.5,199,yes,02-01-2018,Nashik
556,Sanderson Reisen,Male,Finance,Developer,42,52981.05,5,84.21,187,yes,2-22-2023,Amravati
557,Lainey Bickerstasse,Female,HR,Analyst,31,84174.26,1,90.7,194,no,7-20-2022,Nagpur
558,Janie Palin,Female,Sales,Manager,26,84082.72,2,94.04,158,yes,07-11-2021,Nashik
559,Sherlock Gresham,Bigender,HR,Executive,37,76876.56,1,94.39,185,yes,3-14-2022,Pune
560,Aubrie Monk,Female,HR,Manager,29,56367.04,4,99.52,150,no,7-30-2025,Nashik
561,Tabby Askam,Male,HR,Developer,38,84919.9,4,83.31,199,yes,03-03-2017,Pune
562,Hazlett Clohessy,Male,Finance,Developer,30,42513.82,4,83.58,158,yes,8-30-2020,Nashik
563,Nickie Garken,Female,IT,Executive,24,60483.79,1,81.49,182,yes,08-04-2024,Amravati
564,Starr Bakes,Genderfluid,IT,Developer,22,33766.72,3,95.87,200,yes,10-01-2019,Mumbai
565,Burl Eglese,Male,IT,Executive,41,74665.68,3,99.62,174,yes,1-16-2023,Mumbai
566,Meredith Scadding,Female,IT,Executive,43,31865.46,4,94.11,154,no,07-02-2015,Aurangabad
567,Bern Spawton,Bigender,HR,Analyst,28,25019.31,3,89.13,195,yes,10-01-2023,Pune
568,Ethelbert Wicher,Male,Sales,Manager,29,26691.15,2,87.32,171,no,02-08-2017,Aurangabad
569,Warden Wines,Male,HR,Developer,42,74728.46,2,95.31,178,no,3-21-2015,Solapur
570,Tynan Shippard,Male,HR,Manager,22,82983.59,2,84.72,191,yes,10-30-2016,Solapur
571,Hilliard Easman,Male,IT,Manager,36,79068.06,3,94.65,188,no,11-08-2024,Nagpur
572,Neron Cauthra,Male,IT,Executive,30,53191.23,1,87.45,158,no,10-18-2021,Solapur
573,Kirsten Yacob,Female,Finance,Analyst,27,37539.15,1,81.1,190,no,03-04-2020,Solapur
574,Lemar Dukelow,Male,Finance,Executive,29,27144.3,3,91.63,161,yes,03-02-2019,Pune
575,Yoshiko Carsey,Female,Sales,Analyst,35,64621.43,1,82.31,179,yes,6-24-2019,Amravati
576,Nicoli Lightbourn,Female,Finance,Analyst,31,89302.37,4,93.69,155,no,5-22-2025,Aurangabad
577,Berkie Swyndley,Male,Sales,Manager,28,81437.8,4,97.17,150,yes,4-19-2020,Amravati
578,Annemarie Beddis,Female,Sales,Manager,27,57588.5,1,98.18,165,yes,12-10-2015,Mumbai
579,Dorie Hails,Male,HR,Developer,31,34347.93,5,95.88,176,no,08-05-2024,Amravati
580,Shanan Lavens,Male,Sales,Developer,29,79802.11,3,94.69,161,yes,1-26-2020,Aurangabad
581,Bowie Prettyman,Male,Finance,Developer,44,47923.93,2,90.91,179,yes,08-08-2020,Aurangabad
582,Debbi Leppard,Female,Finance,Manager,33,73179.61,3,85.74,165,no,7-25-2017,Nagpur
583,Clerkclaude Amort,Male,IT,Manager,43,44558.91,4,81.23,176,yes,5-15-2018,Amravati
584,Anni Farrey,Female,Sales,Developer,26,49311.95,1,85.04,195,no,10-22-2019,Mumbai
585,Hieronymus Terbrugge,Male,HR,Manager,45,41969.97,1,80.32,153,no,3-30-2023,Solapur
586,Lethia Ritch,Female,Sales,Manager,44,40739.52,3,90.38,163,yes,7-27-2022,Pune
587,Amalia Sharville,Female,Sales,Developer,38,57360.17,5,81.06,186,yes,9-28-2023,Amravati
588,Robinet Balcers,Female,Finance,Developer,28,51554.33,4,82.73,155,no,1-16-2021,Nashik
589,Roldan Tethacot,Male,IT,Manager,44,64043.84,5,81.36,194,no,09-07-2015,Nashik
590,Sylas McGahy,Male,HR,Developer,45,78065.26,2,83.85,162,yes,6-18-2023,Amravati
591,Kinny Ibanez,Male,Sales,Analyst,26,81479.25,5,98.75,155,no,8-20-2015,Nagpur
592,Zarla Dagworthy,Female,Finance,Manager,28,80972.72,2,80.28,171,no,6-19-2016,Amravati
593,Mignon Vassay,Female,HR,Analyst,36,70015.57,4,95.59,185,yes,09-04-2021,Amravati
594,Delmor Rivalland,Male,Sales,Manager,32,38850.5,1,85.91,183,no,02-07-2015,Aurangabad
595,Janina Wilkisson,Female,IT,Analyst,39,45329.93,1,91.69,199,yes,08-11-2020,Aurangabad
596,Theodoric Egleton,Male,HR,Manager,36,29321.36,1,87.22,190,yes,12-04-2021,Solapur
597,Daniele Plank,Female,IT,Analyst,37,63432.27,2,84.44,153,yes,09-03-2021,Nashik
598,Blane Trett,Male,Finance,Executive,39,78022.32,2,93.31,158,yes,10-21-2025,Solapur
599,Boniface Brazelton,Male,Sales,Manager,39,26696.35,1,82.52,159,yes,04-04-2017,Nagpur
600,Amber Tuhy,Female,HR,Analyst,38,35950.83,3,91.73,162,no,04-01-2020,Amravati
601,Lorry Dran,Female,Sales,Analyst,24,47297.08,3,90.43,159,yes,7-27-2024,Nashik
602,Kary Stocker,Female,HR,Developer,44,27499.42,4,80.91,164,no,12-01-2025,Solapur
603,Dode Cattell,Female,Sales,Analyst,31,79888.86,4,92.71,193,no,11-24-2017,Aurangabad
604,Urson Willison,Male,IT,Analyst,43,63923.86,1,92.15,192,yes,11-12-2021,Nashik
605,Carlina Ennion,Female,Finance,Developer,42,84776.99,3,85.56,183,yes,05-08-2021,Amravati
606,Clarence Wellbank,Male,HR,Manager,27,69911.31,1,97.41,195,no,2-27-2024,Nagpur
607,Sibylla Gerrit,Female,HR,Analyst,27,52710.28,5,98.18,188,no,5-16-2019,Mumbai
608,Arty Dottrell,Male,Sales,Manager,38,59242.35,1,83.12,150,yes,02-04-2020,Amravati
609,Katlin MacMaykin,Female,Finance,Developer,34,29271.58,2,84.59,170,no,2-24-2016,Mumbai
610,Becky oldey,Female,Sales,Developer,27,75117.15,1,91.92,178,no,8-26-2025,Mumbai
611,Francois Oxe,Male,Finance,Developer,24,85924.52,2,84.67,167,yes,9-14-2019,Pune
612,Barry Anderbrugge,Male,Sales,Analyst,34,73207.1,2,88.98,183,yes,03-11-2023,Nashik
613,Muffin Copping,Male,Finance,Manager,39,56247.36,1,90.92,160,yes,3-14-2017,Amravati
614,Mohandis Fullilove,Male,HR,Developer,24,44894.91,1,86.57,159,no,3-30-2017,Nagpur
615,Owen Ezzle,Male,Finance,Executive,40,79661.35,3,85.82,180,yes,5-30-2019,Nagpur
616,Pietro Potapczuk,Male,Sales,Manager,26,61248.51,4,87.1,158,no,2-26-2018,Nashik
617,Carce Pyrah,Male,Finance,Manager,42,54277.38,1,81.64,152,no,8-27-2023,Aurangabad
618,Morten MacGillespie,Agender,HR,Executive,36,45145.87,4,95.67,187,no,09-09-2022,Nagpur
619,Javier Becraft,Polygender,HR,Developer,31,33917.87,1,87.34,156,yes,06-02-2020,Solapur
620,Branden Jollands,Male,IT,Manager,35,75265.59,4,95.72,181,no,01-12-2025,Solapur
621,Berke Balston,Male,Sales,Analyst,33,72063.37,1,94.93,196,no,05-10-2023,Nashik
622,Syd Shorthill,Male,Sales,Manager,31,73871.99,3,93.49,152,no,05-07-2016,Solapur
623,Timmi Trussell,Female,Sales,Manager,29,78477.98,5,99.22,171,no,12-10-2016,Pune
624,Helli Fayers,Female,Sales,Developer,33,66529.82,4,90.11,178,no,4-16-2022,Amravati
625,Merilyn Lurner,Female,Finance,Developer,36,58462.3,2,87.99,181,no,8-30-2018,Nagpur
626,Lotti Ellacombe,Female,Finance,Manager,22,44688.81,3,98,198,no,1-19-2016,Nagpur
627,Codi Chastang,Genderqueer,HR,Manager,34,76637.39,1,92.18,185,no,8-19-2019,Solapur
628,Cesare Salway,Male,HR,Developer,27,50237.1,4,86.47,155,yes,9-14-2018,Amravati
629,Suzann McGready,Female,Sales,Analyst,42,67420.4,4,98.21,195,yes,3-26-2022,Pune
630,Erhard Tzarkov,Male,Finance,Executive,44,63549.74,5,83.57,178,yes,7-26-2015,Mumbai
631,Remy Kindall,Female,IT,Executive,29,69209.88,2,82.09,163,no,9-22-2016,Amravati
632,Fara Gittus,Female,Finance,Manager,22,60060.93,3,86.66,193,yes,04-05-2024,Solapur
633,Nadeen Wissby,Female,Sales,Developer,29,44702.54,2,80.84,179,no,9-30-2022,Solapur
634,Tabbie Witty,Female,HR,Executive,34,77999.72,1,87.43,199,yes,6-24-2024,Pune
635,Jennie Scourge,Genderqueer,Sales,Manager,38,80644.99,5,81.27,178,no,10-22-2018,Mumbai
636,Timmy Ossipenko,Female,Sales,Manager,25,40758.45,1,95.44,184,yes,2-28-2023,Aurangabad
637,Jenn Kenwell,Female,IT,Developer,34,64294.25,2,97.16,186,no,10-22-2018,Solapur
638,Sergent Patterson,Male,HR,Manager,30,51822.23,5,91.08,174,yes,9-26-2015,Amravati
639,Kirsten Cronin,Female,HR,Developer,43,70457.54,4,92.08,191,no,12-26-2023,Mumbai
640,Homere Lacasa,Male,IT,Developer,44,68221.45,4,87.77,199,no,6-22-2017,Nagpur
641,Grady Caro,Male,Sales,Executive,45,45812.8,4,87.55,154,yes,04-12-2017,Nagpur
642,Beilul Kleszinski,Female,Finance,Analyst,44,85703.35,2,80.7,158,no,09-07-2019,Pune
643,Ame Glavias,Female,IT,Analyst,43,29258.49,4,84.74,188,yes,12-01-2025,Pune
644,Lancelot Shearer,Male,IT,Manager,22,56717.06,2,97.37,177,yes,1-24-2015,Aurangabad
645,Stafford Albany,Male,IT,Executive,26,44602.77,3,94.87,184,yes,06-01-2018,Solapur
646,Rich Burrill,Male,HR,Developer,24,38576.49,4,80.76,200,no,6-29-2015,Mumbai
647,Paula Alejandri,Female,Finance,Manager,25,59064.89,4,92.24,197,no,6-17-2024,Mumbai
648,Vivian Whitnall,Female,Finance,Executive,33,85668.75,4,89.63,159,no,02-11-2025,Mumbai
649,Jeanelle Nesey,Female,HR,Executive,41,79215.32,1,95.3,167,yes,11-19-2019,Aurangabad
650,Hazel Frostdicke,Female,Sales,Executive,30,65840.74,3,91.36,190,yes,08-12-2021,Solapur
651,Therine Tuck,Female,IT,Executive,36,62194.27,1,91,177,yes,9-21-2024,Mumbai
652,Milton Sinnatt,Male,HR,Manager,31,65685.56,4,87.04,151,no,11-23-2020,Solapur
653,Maddy Golding,Male,HR,Analyst,43,69620.49,5,96.35,152,no,04-01-2021,Mumbai
654,Felice Carbonell,Male,HR,Executive,29,55314.64,1,97.09,177,yes,02-11-2025,Nagpur
655,Nealson Paler,Male,HR,Manager,45,49900.84,2,95.73,170,yes,1-25-2021,Nagpur
656,Katherine Grishmanov,Female,Finance,Manager,30,74407.55,4,86.79,181,no,1-27-2024,Mumbai
657,Milka Eddowes,Female,Sales,Analyst,35,35453.35,5,84.56,165,no,2-17-2020,Solapur
658,Viola Schubbert,Female,IT,Developer,23,30743.94,3,82.18,181,yes,5-17-2022,Nashik
659,Loutitia Hamilton,Female,Sales,Developer,35,53186.99,4,88.62,156,no,8-31-2021,Nagpur
660,Malina McKinnell,Female,HR,Executive,40,53266.89,5,87.18,191,yes,9-26-2024,Nashik
661,Tiertza Kenrat,Female,Sales,Developer,37,72913.52,5,98.14,158,no,07-09-2020,Amravati
662,Nealson Farry,Non-binary,HR,Executive,29,79037.72,3,80.09,167,no,03-05-2023,Nagpur
663,Roch Ferrarini,Female,Sales,Developer,36,55749.12,2,97.55,187,no,02-10-2021,Nagpur
664,Hal Lidden,Male,IT,Developer,33,76484.83,1,80.2,194,yes,02-02-2023,Nashik
665,Kinsley Kastel,Male,IT,Executive,23,60523.34,5,87.82,165,yes,11-02-2023,Amravati
666,Meggie Lyptrade,Female,Sales,Analyst,25,48048.26,3,98.84,177,no,09-05-2025,Aurangabad
667,Hetti Stronough,Female,Finance,Manager,39,33038.71,4,90.28,183,no,08-10-2023,Nashik
668,Harv Handrik,Male,HR,Developer,31,89018.67,2,82.31,150,no,4-30-2016,Aurangabad
669,Phillipp Stemson,Male,HR,Manager,43,42879.39,5,83.91,159,no,6-27-2017,Solapur
670,Martica Aggus,Female,Sales,Developer,38,73251.74,1,97.73,165,no,2-16-2022,Amravati
671,Grantley Duggleby,Bigender,Sales,Executive,28,57225.62,3,89.53,153,yes,05-02-2018,Nagpur
672,Prudence Stobo,Female,IT,Executive,39,65497.36,1,90.77,172,no,9-20-2023,Amravati
673,Fran Bairstow,Male,Sales,Executive,29,48620.33,1,80.29,168,yes,07-11-2020,Nashik
674,Pepito Breache,Male,Sales,Executive,33,28351.12,2,84.14,163,yes,4-26-2025,Pune
675,Dawn Viger,Female,IT,Executive,29,68369.62,1,94.96,153,yes,01-02-2019,Amravati
676,Adah Chill,Non-binary,HR,Manager,34,44041.06,3,92.68,193,no,7-21-2018,Solapur
677,Gabriel Sukbhans,Female,Sales,Executive,26,55777.88,1,93.7,150,yes,02-10-2021,Amravati
678,Raye Cassius,Female,Sales,Developer,25,52223.35,5,88.93,177,yes,11-15-2024,Mumbai
679,Zach Cardus,Male,Sales,Developer,34,80377.25,2,83.9,153,no,04-12-2018,Mumbai
680,Inglis Gother,Male,IT,Developer,28,83169.56,1,90.59,191,no,12-30-2020,Nagpur
681,Mavis Gillison,Female,IT,Executive,25,40618.13,4,98.35,185,yes,5-17-2019,Nagpur
682,Karyn Burtonwood,Non-binary,Sales,Executive,42,72068.09,2,93.4,199,no,10-18-2021,Nashik
683,Rog Carnegy,Male,IT,Developer,45,25934.26,3,82.51,180,yes,12-09-2018,Mumbai
684,Bee Mauro,Female,Finance,Analyst,31,47520.51,1,90.42,172,yes,12-19-2022,Amravati
685,Dennet Foux,Male,IT,Executive,24,63475.27,3,83.31,160,yes,3-23-2019,Solapur
686,Bernadette Arnull,Female,IT,Manager,28,63403.24,2,86.15,165,no,7-28-2023,Pune
687,Findlay Bilson,Male,HR,Developer,42,27858.93,2,84.03,196,yes,04-04-2015,Solapur
688,Calli Kearn,Female,Sales,Analyst,42,67562.79,2,87.24,157,yes,06-05-2021,Pune
689,Jordain Jereatt,Female,IT,Executive,23,25330.71,4,82.58,190,yes,6-29-2020,Amravati
690,Napoleon Yegorshin,Male,Finance,Analyst,31,45444.9,4,95.4,177,no,08-05-2015,Amravati
691,Lannie Kingzeth,Non-binary,HR,Analyst,44,45770.5,5,91.92,154,yes,2-24-2016,Pune
692,Cecilio Vennard,Male,Finance,Manager,28,43998.97,1,93.4,196,no,9-29-2018,Mumbai
693,Rosie Mudge,Female,Sales,Manager,30,48175.86,4,98.07,193,no,10-27-2017,Aurangabad
694,Feliza Gooke,Female,HR,Manager,24,30703.24,2,98.56,191,no,6-18-2025,Nashik
695,Art Feasley,Male,Sales,Developer,39,65774.24,5,88.39,193,yes,03-08-2015,Nashik
696,Paige Goudman,Female,IT,Executive,43,60992.88,3,85.16,172,no,11-19-2023,Mumbai
697,Adrianna Shoebridge,Female,Sales,Manager,41,67966.29,2,87.28,188,yes,8-27-2016,Nagpur
698,Lamar Seeler,Male,Finance,Manager,44,80486.33,4,81.14,168,yes,07-01-2023,Nashik
699,Raleigh Soloway,Male,IT,Manager,29,33295.53,1,86.15,159,yes,5-30-2022,Nashik
700,Maribelle Heggman,Female,Sales,Analyst,43,63213.14,2,93.3,171,yes,4-17-2020,Nagpur
701,Gaylor Owthwaite,Male,IT,Analyst,30,28521.31,5,99.9,193,no,1-27-2023,Solapur
702,Missy Summerhayes,Female,Finance,Manager,29,36508.31,5,92.19,175,no,2-25-2016,Aurangabad
703,Farrel Meritt,Male,Sales,Executive,38,87649.16,1,81.97,163,no,1-21-2015,Aurangabad
704,Monte Livings,Male,Finance,Executive,35,73110.22,2,86.64,176,no,5-13-2020,Aurangabad
705,Becki Liggens,Female,Sales,Executive,44,25832.69,5,98.91,174,yes,04-03-2018,Nashik
706,Joanna Trewman,Non-binary,Finance,Executive,31,64141.49,4,94.28,190,no,7-21-2017,Solapur
707,Aili Choppin,Female,HR,Analyst,24,75758.32,5,97.11,186,yes,12-01-2017,Nashik
708,Andres Sinnat,Agender,HR,Executive,29,41047.84,4,92.28,157,yes,12-02-2016,Amravati
709,Kristien Deave,Female,Sales,Manager,30,35872.54,3,91.75,163,no,9-13-2017,Nashik
710,Xylina Claringbold,Female,Finance,Developer,40,86480.49,1,90.28,188,no,7-29-2024,Pune
711,Adele Gammell,Female,HR,Executive,38,82013.85,3,84.19,178,yes,12-30-2016,Aurangabad
712,Bryana Mayo,Female,IT,Developer,25,72559.44,2,83.6,196,no,1-30-2018,Pune
713,Dalli Hansell,Male,Finance,Executive,37,74194.07,5,82.85,160,yes,04-10-2017,Nagpur
714,Arielle Skarr,Female,Sales,Developer,36,51065.65,5,95.35,168,yes,12-29-2019,Solapur
715,Dorice Booley,Female,Finance,Executive,35,60389.84,3,94.52,195,yes,5-26-2017,Nagpur
716,Carri Feeny,Female,Sales,Manager,39,55734.65,3,97.08,153,no,10-22-2023,Solapur
717,Noah Akehurst,Male,IT,Developer,34,45604.23,4,96.63,177,no,3-31-2020,Pune
718,Annora Camier,Female,IT,Manager,39,52952.73,2,94.99,199,no,9-18-2018,Nagpur
719,Michele McArtan,Female,IT,Analyst,31,37022.83,3,99.98,158,yes,02-07-2016,Amravati
720,Farlay Beavon,Male,Finance,Executive,31,42677.67,1,98.38,193,no,8-22-2019,Pune
721,Rodger Gate,Male,HR,Executive,35,49038.32,5,96.13,154,yes,2-14-2015,Nagpur
722,Tyrone Gouge,Male,Finance,Executive,25,44181.55,2,97.4,172,no,2-21-2021,Mumbai
723,Babette Durkin,Female,Finance,Developer,39,81048.04,5,96.38,152,no,12-24-2023,Nagpur
724,Rafferty Vaggers,Male,HR,Developer,34,63198.13,5,87.22,157,no,10-28-2024,Nagpur
725,Napoleon Kinge,Male,HR,Executive,27,85066.35,1,90.8,183,yes,5-22-2016,Pune
726,Hadleigh Louth,Male,Sales,Analyst,38,34116.77,4,80.8,194,no,11-24-2018,Nagpur
727,Corbet Rummer,Male,IT,Manager,29,47969.42,4,96.89,167,yes,10-07-2017,Mumbai
728,Dorolice Jay,Female,Sales,Analyst,43,59275.25,3,90.96,199,yes,6-21-2023,Aurangabad
729,Guinna Hardbattle,Female,HR,Executive,33,55087.07,3,82.11,177,yes,10-16-2021,Nagpur
730,Myrta Macieja,Female,Finance,Developer,44,72868.02,1,98.99,197,yes,2-15-2018,Solapur
731,Dex Sinderson,Male,HR,Manager,32,25867.6,3,93.99,162,yes,4-21-2022,Nashik
732,Corabel Danshin,Female,HR,Analyst,22,66960.27,3,96.62,186,yes,8-28-2022,Solapur
733,Brendan Dryburgh,Male,Finance,Analyst,30,44258.69,3,93.24,181,yes,4-29-2016,Nagpur
734,Peta Luddy,Female,Finance,Analyst,31,38009.85,4,86.5,154,yes,3-28-2022,Mumbai
735,Annissa Alder,Female,IT,Executive,36,49952.27,5,94.39,171,yes,11-30-2025,Solapur
736,Marjie Oehme,Female,Finance,Developer,26,80350.82,4,88.03,183,no,9-30-2022,Amravati
737,Hally Petre,Female,Finance,Analyst,40,74721.46,1,92.78,200,no,01-11-2017,Nashik
738,Robbert Arkil,Male,IT,Manager,27,47581.93,4,90.7,180,no,12-27-2022,Solapur
739,Abie Glenny,Male,HR,Analyst,32,63683.15,4,87.22,193,no,7-23-2015,Pune
740,Cammy Bramley,Male,IT,Manager,32,86571.2,4,82.24,157,no,8-27-2020,Solapur
741,Ransell Dalman,Male,HR,Analyst,36,45302.03,3,97.06,167,yes,2-28-2019,Nashik
742,Sandor Neiland,Male,IT,Developer,29,37888.62,4,89.69,159,no,12-26-2020,Mumbai
743,Elly McDonough,Female,IT,Executive,33,87267.75,2,90.83,153,yes,07-11-2021,Amravati
744,Neysa Hathway,Female,Sales,Analyst,41,80999.96,5,95.6,175,yes,9-20-2015,Aurangabad
745,Cash Bewlay,Male,IT,Analyst,37,44459.13,3,89.94,175,yes,06-06-2023,Solapur
746,Normy Fricke,Male,Sales,Developer,32,86332.82,4,95.35,187,yes,05-11-2019,Pune
747,Harmon Gilligan,Male,Sales,Executive,41,57606.86,4,92.99,180,no,11-09-2016,Mumbai
748,Lay Verring,Male,HR,Analyst,37,68851,4,92.59,150,yes,10-21-2024,Pune
749,Cathee Penton,Female,HR,Analyst,45,33964.39,3,93.35,179,yes,10-30-2020,Solapur
750,Rand Lamshead,Male,Sales,Analyst,24,31740.14,5,81.92,179,no,04-01-2021,Nashik
751,Cristy Sawers,Genderqueer,HR,Developer,44,72597.53,2,84.28,160,yes,04-12-2019,Amravati
752,Marietta Guerro,Male,IT,Analyst,22,37971.04,2,83.96,150,yes,9-26-2016,Amravati
753,Gabbey Jantzen,Female,IT,Analyst,30,84689.45,2,89.18,159,yes,3-21-2024,Nagpur
754,Arlette Houchen,Female,Sales,Manager,35,86180.47,1,96.38,180,yes,6-24-2018,Pune
755,Blaire Baden,Female,Finance,Analyst,40,33039.55,3,85.91,167,no,4-18-2024,Amravati
756,Andy Leavry,Male,Sales,Analyst,41,55829.75,5,89.44,185,yes,01-05-2025,Aurangabad
757,Shirl Tillot,Female,IT,Manager,28,27245.08,4,82.78,195,no,11-12-2025,Mumbai
758,Rod Corley,Male,IT,Developer,28,47422.32,5,83.98,188,no,01-01-2023,Nashik
759,Darwin Sweeten,Male,Sales,Executive,38,49765.77,1,95.61,199,no,11-05-2024,Solapur
760,Geoffrey Hegge,Male,Sales,Developer,30,47459.77,1,85.36,196,yes,1-24-2019,Solapur
761,Rayner Liepmann,Male,HR,Executive,41,31412.88,4,85.19,171,yes,10-17-2025,Nashik
762,Nevins Symcox,Male,Sales,Developer,45,81275.41,1,89.96,158,yes,4-24-2022,Amravati
763,Perice Segrave,Male,Sales,Developer,38,37771.21,5,95.86,156,no,2-19-2023,Nashik
764,Mohandas Yesinin,Male,Sales,Developer,25,50458.83,4,81.9,186,yes,1-18-2015,Aurangabad
765,Fenelia Yanshin,Female,IT,Manager,31,28046.75,3,98.7,200,no,11-19-2022,Solapur
766,Alf Catlow,Male,Finance,Developer,40,48564.6,1,86.42,186,yes,08-05-2024,Amravati
767,Myrtice Blandford,Female,Sales,Analyst,44,51513.95,4,89.43,169,yes,08-08-2018,Aurangabad
768,Truda Romain,Female,Finance,Developer,35,29785.86,1,94.55,162,yes,1-20-2016,Solapur
769,Uriah Coytes,Male,Finance,Manager,45,41087.53,4,82.7,151,yes,9-17-2018,Mumbai
770,Bobina Dowles,Female,HR,Analyst,44,44382.12,5,80.32,151,no,06-06-2021,Pune
771,Zerk Macura,Male,Sales,Analyst,38,57588.52,1,93.28,159,yes,8-21-2017,Pune
772,Cecily Virr,Female,Sales,Developer,29,58099.19,2,88.02,197,no,10-06-2019,Aurangabad
773,Lynnell O'Hannen,Female,HR,Analyst,32,54016.45,5,89.54,191,no,03-11-2015,Pune
774,Joshuah Hamnet,Male,Finance,Executive,37,29184.85,1,91,199,yes,12-12-2022,Amravati
775,Shandie Rushmare,Female,IT,Executive,33,80137.88,3,80.07,173,yes,12-30-2024,Nagpur
776,Jodee Baldacchino,Female,Sales,Executive,31,44585.25,5,99.46,155,yes,10-07-2022,Aurangabad
777,Barbe Bracey,Female,HR,Analyst,31,53913.86,1,99.22,195,no,08-02-2021,Pune
778,Theadora Cinnamond,Female,Finance,Analyst,25,39924.7,3,95.98,192,yes,5-22-2017,Nagpur
779,Steward Di Boldi,Male,Finance,Manager,26,48706.76,2,96.85,197,no,1-27-2025,Mumbai
780,Tye Leathes,Male,Finance,Manager,33,80269.31,5,92.87,154,yes,8-31-2024,Nashik
781,Dwight Crotty,Male,HR,Executive,25,62589.61,2,85.41,181,yes,9-20-2024,Amravati
782,Terri-jo Southcombe,Female,IT,Manager,42,66954.93,3,83.18,190,no,07-07-2023,Mumbai
783,Layla Freeland,Genderqueer,HR,Developer,22,42932.67,3,99.24,179,no,03-04-2016,Solapur
784,Claudell Rown,Male,HR,Executive,25,56777.67,5,94.3,167,yes,3-25-2019,Solapur
785,Lev Scading,Male,IT,Developer,38,76391.28,4,94.59,168,yes,10-28-2015,Pune
786,Rustin Stovold,Genderfluid,IT,Manager,22,38641.09,1,98.28,166,yes,11-16-2022,Amravati
787,Jacquenetta Servante,Female,Sales,Analyst,33,46105.2,5,98.41,156,no,08-12-2018,Pune
788,Othilie Dowall,Female,Sales,Analyst,40,67120.38,2,95.94,153,no,7-14-2018,Solapur
789,Shea McGerraghty,Male,HR,Developer,27,32856.34,4,84.64,162,no,01-12-2016,Pune
790,Osbourn Hindrick,Male,Sales,Executive,34,63714.56,1,87.09,177,no,05-10-2018,Nashik
791,Susi Jermy,Female,Finance,Developer,27,44296.46,4,97.3,186,no,6-13-2018,Solapur
792,Rebecca Toffanini,Bigender,Sales,Manager,28,69540.43,3,92.53,165,yes,09-11-2022,Nashik
793,Kameko Egar,Female,IT,Analyst,35,26457.86,1,94.18,155,yes,04-07-2025,Nagpur
794,Paulie Selbach,Bigender,IT,Executive,24,63605.17,3,88.09,194,no,12-26-2017,Amravati
795,Dorthy McAughtrie,Genderqueer,HR,Analyst,23,70288.05,5,81.03,200,no,1-14-2017,Nagpur
796,Vaughn Primett,Male,Finance,Analyst,33,33376.42,4,94.27,200,no,7-29-2021,Nashik
797,Gilbertine Bathurst,Female,Finance,Executive,26,64102.08,5,97.66,173,no,01-11-2021,Amravati
798,Astra Sogg,Female,Sales,Developer,26,73807.52,5,80.75,155,no,09-01-2015,Nashik
799,Diane-marie Slinger,Female,Sales,Developer,37,54010.36,2,97.85,180,no,10-16-2021,Nashik
800,Felicity Paoli,Female,Sales,Analyst,23,75156.9,3,97.61,174,yes,11-29-2018,Mumbai
801,Ozzie Tipper,Male,Finance,Manager,24,35484.98,2,81.28,168,yes,9-26-2021,Nashik
802,Bari Severwright,Female,IT,Manager,41,57245.01,1,86.89,156,yes,3-29-2021,Aurangabad
803,Carlynn Theobald,Genderfluid,IT,Developer,44,35961.17,3,82.49,176,yes,8-22-2017,Solapur
804,Elsie Scurry,Female,IT,Developer,29,75373.12,2,96.96,178,no,8-31-2022,Nashik
805,Bradford Pauling,Male,IT,Manager,30,36509.44,4,86.18,171,yes,10-21-2016,Solapur
806,Patrice Connerry,Female,HR,Developer,38,46212.31,2,94.03,191,no,04-12-2016,Pune
807,Sheba Opfer,Female,Finance,Manager,43,47471.47,2,89.58,154,no,10-21-2016,Aurangabad
808,Udale Kierans,Male,IT,Manager,37,67797.33,3,87.89,184,no,03-04-2016,Aurangabad
809,Fair Spawton,Male,Finance,Manager,31,39003.48,2,85.17,186,no,08-10-2019,Amravati
810,Hilliard Bramford,Male,HR,Developer,30,67380.08,5,93.35,194,no,12-12-2020,Pune
811,Orel Nairns,Female,Finance,Manager,22,42657.49,2,84.14,186,yes,10-26-2024,Nagpur
812,Olenka Proschke,Female,IT,Executive,24,56706.28,5,99.76,166,yes,05-10-2017,Amravati
813,Minor Comberbeach,Agender,HR,Executive,35,71265.76,2,87.92,197,no,7-23-2024,Nashik
814,Kent Pau,Male,Sales,Manager,35,64294.9,4,97.96,197,yes,11-11-2025,Amravati
815,Charlean Duffyn,Non-binary,Finance,Developer,22,44996.38,2,85.24,176,yes,4-17-2020,Pune
816,Gretchen Challicum,Female,Finance,Developer,45,75793.81,3,88.11,179,no,06-02-2018,Nashik
817,Brendis Klasen,Genderqueer,Sales,Developer,36,50605.62,1,97.62,178,no,11-23-2017,Solapur
818,Chelsy Darley,Female,Finance,Manager,33,86937.2,2,83.61,156,no,2-25-2023,Aurangabad
819,Minnie Bonavia,Female,Finance,Executive,35,29923.93,5,93.64,189,no,10-04-2022,Nashik
820,Illa Etheredge,Female,Finance,Analyst,41,82143.08,3,88.79,170,no,3-16-2015,Nashik
821,Banky Guest,Male,Sales,Analyst,32,54185.3,3,96.02,172,yes,2-24-2021,Solapur
822,Nathanial Ginglell,Male,Finance,Developer,45,61910.46,2,96.75,150,no,03-08-2022,Nagpur
823,Penn Lascelles,Male,Sales,Manager,27,27380.65,1,93.78,153,yes,11-15-2018,Mumbai
824,Ronna Giddens,Female,IT,Analyst,26,29275.57,5,87.9,185,yes,5-19-2022,Nagpur
825,Brigg Ealden,Male,IT,Developer,41,59031.15,1,96.54,176,no,12-14-2022,Nagpur
826,Felizio Cozby,Non-binary,Finance,Developer,32,86995.58,4,80.52,198,no,04-06-2022,Pune
827,Basia Fitzsymonds,Female,Finance,Analyst,44,55990.54,3,98.55,153,no,9-21-2021,Mumbai
828,Nelly McGilleghole,Female,Sales,Executive,39,33115.91,2,92.29,172,yes,3-18-2022,Nashik
829,Sherri Trusty,Female,IT,Analyst,42,69513.9,3,93.41,154,yes,12-25-2025,Solapur
830,Ki Helks,Female,Sales,Manager,38,40497.29,5,81.83,191,yes,4-19-2025,Solapur
831,Izabel Antonat,Female,IT,Developer,36,89874.71,1,97.08,150,no,1-15-2024,Pune
832,Germaine Husband,Male,Finance,Executive,22,46580.75,2,96.23,163,no,5-29-2015,Amravati
833,Rockey Woofinden,Male,Finance,Developer,31,35939.58,3,92.47,158,yes,3-28-2016,Aurangabad
834,Murray Allport,Male,Finance,Executive,40,72184.7,4,83.04,158,no,07-07-2015,Amravati
835,Dorisa Spadoni,Female,IT,Manager,45,73337.74,3,94.61,184,yes,12-10-2015,Pune
836,Esther Grollmann,Non-binary,HR,Analyst,27,87821.36,3,92.95,191,no,8-15-2024,Pune
837,Gil Zelley,Male,HR,Analyst,35,33221.7,1,82.7,183,no,4-14-2015,Nagpur
838,Hettie Shivell,Female,Sales,Executive,40,35842.9,1,81.9,174,yes,4-13-2015,Amravati
839,Mehetabel Hatch,Female,HR,Analyst,26,75506.94,1,97.46,183,yes,11-18-2019,Mumbai
840,Herbie Karlsen,Male,HR,Executive,31,33845.73,1,91.34,161,yes,7-30-2020,Nagpur
841,Lazaro Cuxson,Male,Finance,Manager,36,62334.89,5,83.55,188,yes,5-28-2019,Solapur
842,Elvyn Bachellier,Male,Finance,Analyst,32,34236.74,3,81.45,169,yes,06-06-2022,Mumbai
843,Elwood Bellfield,Male,HR,Developer,42,46056.49,5,98.2,199,no,06-05-2017,Nashik
844,Roderic Clavey,Male,HR,Analyst,31,86034.35,2,92.93,161,yes,5-29-2015,Pune
845,Alon Leversha,Agender,IT,Executive,43,83851.72,3,87.1,157,no,8-13-2024,Pune
846,Murial Maisey,Female,Sales,Analyst,30,84003.97,2,97.84,151,no,07-12-2021,Mumbai
847,Conni Delagnes,Female,IT,Manager,38,79357.11,2,81.01,153,yes,10-10-2022,Aurangabad
848,Delmore Moult,Male,Finance,Analyst,23,50126.67,2,98.52,160,yes,11-15-2021,Aurangabad
849,Gilbert Killelea,Male,HR,Analyst,23,71821.71,2,81.64,152,yes,1-13-2024,Nagpur
850,Garek McAleese,Male,Sales,Analyst,45,49748.16,2,90.14,174,no,5-25-2022,Solapur
851,Horten Sterrick,Male,HR,Analyst,31,38770.04,1,86.82,158,yes,5-22-2017,Amravati
852,Breena Laurenz,Female,HR,Analyst,44,42830.81,4,93.29,150,no,02-01-2020,Nashik
853,Cazzie Caccavella,Male,IT,Analyst,39,69643.24,4,98.22,194,yes,9-19-2024,Aurangabad
854,Clair Lapping,Female,Sales,Developer,22,76856.09,5,81.21,200,yes,12-15-2017,Nagpur
855,Ursa Toler,Female,IT,Developer,40,49043.23,1,94.15,167,no,04-08-2019,Nagpur
856,Laurice Searchwell,Female,IT,Executive,38,65494.07,3,93.93,172,no,10-15-2016,Solapur
857,Ulrika Caddell,Female,IT,Developer,29,27723.84,4,97.87,152,yes,12-17-2024,Aurangabad
858,Hermia Sheraton,Female,HR,Developer,34,49525.43,4,99.35,166,no,1-21-2021,Nagpur
859,Reginald Shrubsall,Male,IT,Analyst,42,37398.46,4,93.98,191,no,01-01-2020,Nashik
860,Wayne Gare,Male,HR,Manager,25,65460.61,2,89.84,190,no,5-25-2015,Solapur
861,Kele Groundwater,Male,IT,Executive,44,67263.1,5,83.88,171,yes,7-14-2021,Amravati
862,Odey Wiz,Male,Sales,Developer,45,49983.33,2,94.79,179,yes,12-07-2015,Nashik
863,Kingston Bluck,Male,IT,Executive,31,69161.89,2,95.43,156,yes,10-12-2023,Aurangabad
864,Tony Trumble,Polygender,HR,Executive,34,43348.95,5,98.39,169,no,08-04-2015,Amravati
865,Cherish Sloss,Female,Sales,Executive,44,33755.43,4,97.99,154,yes,12-04-2015,Mumbai
866,Elayne Oakland,Female,Finance,Executive,37,39133.34,5,84.77,184,no,4-23-2018,Aurangabad
867,Nickolaus Boshard,Male,IT,Manager,40,79606.42,1,94.9,171,no,5-19-2015,Amravati
868,Eddi Dracey,Female,Sales,Developer,32,43173.15,2,81.13,170,yes,4-18-2017,Amravati
869,Nataline Thiese,Female,HR,Manager,39,71714.48,2,87.74,195,no,12-23-2022,Amravati
870,Bronson Penrith,Male,Finance,Developer,26,53432.46,4,90.15,153,yes,12-16-2016,Nashik
871,Rutger Makin,Male,Finance,Analyst,37,33508.99,1,93.68,183,yes,9-23-2015,Nashik
872,Burg Jurasz,Male,Finance,Analyst,38,54312.32,1,88.03,188,yes,7-14-2022,Solapur
873,Ebenezer Orviss,Male,Sales,Executive,45,28343.04,5,80.56,155,yes,05-02-2021,Pune
874,Leda Stairmand,Female,Finance,Executive,42,67757.21,3,91.01,166,no,12-17-2016,Pune
875,Marji Sultana,Female,Sales,Executive,25,37076.43,1,87.89,183,yes,4-18-2018,Nagpur
876,Alic McQuade,Male,Sales,Developer,45,87445.82,1,88.93,199,no,04-06-2016,Pune
877,Palm Tunno,Male,HR,Developer,32,59947.68,4,99.91,157,no,10-21-2019,Nagpur
878,Kelci Balcombe,Female,HR,Analyst,43,27600.62,4,88.18,177,yes,12-27-2018,Solapur
879,Biron Seals,Male,IT,Analyst,40,83301.8,3,93.2,153,yes,1-27-2019,Aurangabad
880,Vance Trudgeon,Male,Finance,Executive,40,31469.66,4,91.47,177,no,09-12-2022,Aurangabad
881,Belia Wayper,Female,HR,Analyst,31,81259.17,3,94.7,172,yes,4-20-2022,Aurangabad
882,Flore Fawssett,Female,Finance,Developer,44,68313.64,4,82.91,151,yes,07-01-2015,Pune
883,Timofei Primrose,Male,IT,Developer,39,88527.67,3,94.25,160,yes,3-27-2017,Pune
884,Jorie Legonidec,Genderqueer,Sales,Manager,41,58004.79,4,90.82,197,no,05-04-2016,Nagpur
885,Goober Munt,Agender,HR,Executive,38,54957.32,2,94.13,163,yes,9-18-2025,Solapur
886,Marten Paye,Male,Sales,Developer,40,80207.87,5,96.18,191,no,8-27-2021,Amravati
887,Eda Cerith,Female,Sales,Analyst,41,77303.23,1,98.7,151,no,06-07-2022,Amravati
888,Melicent Crangle,Female,IT,Developer,28,88269.05,4,84.81,169,yes,7-31-2025,Solapur
889,Napoleon Blowes,Male,HR,Executive,30,56023.58,4,98.04,190,yes,1-24-2025,Aurangabad
890,Evvie Meachan,Female,Sales,Executive,37,76117.32,5,92.92,163,yes,10-07-2016,Pune
891,Delia Ladbrook,Female,Sales,Analyst,39,34109.17,4,87.63,189,no,10-19-2018,Amravati
892,Flinn MacComiskey,Male,Finance,Manager,40,70272.32,3,82.09,153,yes,8-31-2016,Pune
893,Godfrey Elvey,Bigender,HR,Executive,25,30198.42,4,98.23,151,no,5-31-2022,Pune
894,Chelsey Roubay,Female,Finance,Executive,27,43563.8,4,84.88,181,yes,11-03-2016,Nagpur
895,Moise Coldbreath,Male,Sales,Developer,38,52203.33,2,91.82,151,yes,3-28-2025,Nagpur
896,Asher Leimster,Male,HR,Analyst,38,87246.29,1,94.49,191,yes,6-20-2021,Pune
897,Rutter McKinnell,Male,Finance,Analyst,23,41261.16,1,85.16,188,yes,12-29-2021,Nagpur
898,Tito Bonar,Male,Sales,Manager,31,25864.29,2,87.2,180,yes,5-31-2020,Nashik
899,Whitaker Gobbet,Male,Finance,Executive,44,47455.29,3,90.89,170,yes,01-01-2025,Amravati
900,Mair Thumim,Female,IT,Analyst,39,37186.57,1,84.73,195,no,2-19-2016,Pune
901,Goldie Culbard,Female,IT,Manager,44,39606.21,2,92.09,186,yes,09-04-2017,Solapur
902,Morly Pincked,Male,IT,Manager,28,84276.22,2,80.16,151,yes,9-26-2022,Nashik
903,Michel Cowling,Male,Finance,Analyst,31,85685.91,5,80.78,181,yes,11-27-2020,Aurangabad
904,Wyndham Sheere,Male,HR,Developer,33,33120.23,5,98.82,161,yes,10-31-2024,Amravati
905,Charlton Glabach,Genderqueer,Sales,Analyst,34,53522.61,4,88.38,184,no,10-09-2019,Amravati
906,Kelvin Kupka,Male,IT,Analyst,34,61433,3,89.4,178,yes,7-30-2020,Mumbai
907,Lin Kettlewell,Genderqueer,HR,Developer,28,60449.05,1,99.25,156,no,06-01-2017,Nashik
908,Catarina Bread,Female,Finance,Developer,37,36461.66,5,90.43,184,no,11-24-2025,Pune
909,Darn Lauritzen,Male,Sales,Manager,28,26051.05,4,80.83,196,no,08-07-2018,Solapur
910,Papageno Erie,Male,HR,Developer,25,42526.08,2,90.17,189,yes,02-03-2023,Nagpur
911,Jemimah Picford,Female,IT,Executive,26,89420.44,5,95.52,168,yes,8-26-2020,Solapur
912,Paco McBrady,Male,HR,Manager,34,81502.07,4,82.4,160,yes,1-30-2022,Aurangabad
913,Osmund Vincent,Male,HR,Manager,37,56371.24,5,97.04,157,no,09-09-2015,Nagpur
914,Alvera Franzewitch,Genderfluid,Finance,Analyst,30,44208.1,1,97.42,175,no,12-26-2020,Nashik
915,Maura Buckenhill,Female,Finance,Executive,23,38695.64,2,91.64,181,yes,7-15-2023,Amravati
916,Findley Deners,Male,IT,Developer,44,60872.79,4,95.87,195,no,05-06-2022,Pune
917,Rees Leavey,Male,HR,Analyst,41,72806.5,2,81.45,182,yes,10-16-2022,Nashik
918,Sammy Bretton,Male,HR,Developer,35,47075.29,1,85.29,198,no,5-14-2015,Nagpur
919,Kalindi Betjeman,Female,Sales,Developer,31,70948.77,5,81.98,176,yes,9-17-2020,Nashik
920,Starr Runchman,Female,IT,Analyst,31,76295.63,2,87.64,196,no,06-11-2020,Pune
921,Dalli Labroue,Non-binary,Sales,Developer,34,84085.35,1,95.42,186,yes,12-18-2024,Amravati
922,Manolo Arndtsen,Male,Finance,Analyst,31,35824.76,3,95.66,171,yes,9-27-2018,Nagpur
923,Letty Gauge,Genderqueer,IT,Executive,38,81790.7,4,93.91,167,no,01-10-2016,Nashik
924,Galvan Parkinson,Male,Finance,Executive,29,75020.97,1,96.02,175,yes,6-17-2022,Nashik
925,Paulette O'Duggan,Female,Sales,Developer,35,89521.09,4,88.98,165,no,11-22-2024,Amravati
926,Tedie Rome,Male,Sales,Executive,30,26328.61,5,85.25,169,no,10-30-2021,Pune
927,Angus Perillo,Male,Sales,Developer,26,55822.71,3,89.51,184,yes,10-15-2016,Mumbai
928,Chelsea Siddele,Female,Finance,Manager,41,75198.64,2,99.85,164,yes,09-07-2024,Aurangabad
929,Karyl Mattam,Female,IT,Executive,30,53760.72,2,97.65,183,yes,04-03-2025,Nagpur
930,Levy Forster,Male,Sales,Executive,43,43087.28,5,99.23,195,no,01-01-2020,Mumbai
931,Margarita Aris,Female,Sales,Manager,38,52464.67,5,93.01,166,yes,1-15-2022,Pune
932,Hildegaard Pettipher,Female,HR,Manager,38,56790.09,3,89.76,159,yes,01-11-2020,Nashik
933,Minta Allanby,Female,HR,Manager,43,83503.46,5,92.7,154,no,4-21-2020,Aurangabad
934,Muhammad Rosedale,Male,Sales,Developer,26,60691.21,4,85.98,154,yes,11-05-2023,Solapur
935,Gun Swoffer,Male,Finance,Developer,43,68595.05,4,94.93,189,no,07-06-2025,Mumbai
936,Lewie Ballinger,Male,Sales,Developer,45,86378.82,3,80.28,192,no,12-04-2016,Aurangabad
937,Ellis Lowndsborough,Male,IT,Manager,32,51922.9,2,88.31,150,no,02-04-2024,Solapur
938,Casey Eilhertsen,Female,Finance,Analyst,30,68964.48,2,92.46,153,no,7-20-2016,Solapur
939,Susannah Ritmeier,Female,Sales,Executive,39,31696.29,4,83.85,161,yes,03-07-2021,Pune
940,Kassandra Catterall,Female,IT,Executive,28,34605.03,5,96.68,169,yes,04-08-2016,Solapur
941,Halley Wimp,Female,Finance,Developer,29,69694.35,5,89.93,193,yes,10-13-2020,Pune
942,Ty Evins,Male,Finance,Analyst,42,54295.48,2,85.78,184,no,04-12-2024,Nagpur
943,Ruttger Klaussen,Male,IT,Developer,36,79540.71,1,96.29,185,yes,9-21-2018,Mumbai
944,Morie Wickmann,Male,IT,Developer,26,80804.86,2,98.39,153,yes,8-17-2025,Pune
945,Orazio Olivetta,Male,HR,Executive,41,60756.53,4,91.94,151,yes,3-27-2024,Nagpur
946,Archer Jewes,Male,IT,Developer,44,44634.81,4,96.85,187,yes,6-25-2024,Nashik
947,Mollie Truran,Female,Sales,Analyst,34,32277.54,1,86.62,160,yes,02-01-2018,Pune
948,Russ Fenny,Male,Sales,Analyst,45,49849.24,4,88.21,154,yes,12-31-2017,Pune
949,Barnaby Areles,Male,IT,Developer,27,68678.38,3,99.26,199,no,08-12-2016,Solapur
950,Ansell Galsworthy,Agender,IT,Executive,42,40726.45,5,82.09,167,no,12-20-2015,Pune
951,Emeline Elsdon,Female,IT,Developer,43,57881.46,5,86.59,182,no,9-18-2024,Amravati
952,Terrell French,Male,Sales,Manager,24,61671.6,5,82.32,157,no,06-08-2019,Nagpur
953,Rheba Mealand,Non-binary,HR,Executive,40,70973.64,3,93.89,171,yes,08-12-2021,Mumbai
954,Krystalle Twitchett,Female,Finance,Executive,33,50570.48,5,95.39,176,no,10-20-2024,Nagpur
955,Zolly Trunby,Male,Sales,Manager,39,54048.7,5,95.53,170,yes,07-11-2023,Amravati
956,Leroi Ellum,Non-binary,Sales,Executive,26,66178.42,3,88.33,184,yes,3-15-2022,Nashik
957,Jud Endean,Male,Sales,Manager,38,51222.15,1,80.92,168,yes,11-04-2024,Nagpur
958,Shanon Suermeiers,Female,IT,Developer,36,52683.15,4,94.63,167,yes,6-30-2018,Pune
959,Pattie Brockman,Female,HR,Analyst,44,65629.14,5,81.43,166,no,05-08-2021,Solapur
960,Elianore Standage,Female,Finance,Developer,35,30088.95,5,90.36,184,no,6-17-2017,Nagpur
961,Zeb Jeffrey,Male,Finance,Manager,24,37650.06,4,99.1,183,yes,12-04-2022,Aurangabad
962,Mollie Abrehart,Female,Finance,Developer,23,29738.96,2,85.32,191,no,10-25-2020,Nagpur
963,Kathlin Ashbolt,Female,Sales,Executive,33,78470.77,2,98.51,179,no,06-01-2019,Pune
964,Justen Jenicke,Male,HR,Developer,34,52337.45,5,98.94,166,no,05-04-2020,Solapur
965,Eleanora Wickman,Female,Finance,Analyst,44,65055.7,3,81.35,171,yes,12-05-2018,Amravati
966,Clementine Geggus,Female,Finance,Manager,41,32889.66,2,81.63,191,yes,6-20-2025,Solapur
967,Bernardine Hogbin,Genderqueer,Finance,Analyst,27,53211.96,5,80.04,157,no,1-23-2023,Nashik
968,Zola Habert,Female,Finance,Developer,27,73368.88,1,98.35,199,yes,11-02-2017,Aurangabad
969,Horatia Kermode,Female,IT,Developer,33,28516.7,3,80.76,186,yes,8-21-2024,Nagpur
970,Grantham Tessier,Male,Finance,Executive,36,89268.71,3,81.59,184,yes,4-24-2025,Aurangabad
971,Briny Scoggan,Female,HR,Executive,43,26402.11,3,92.3,155,yes,6-23-2023,Nashik
972,Francis Greenard,Male,Finance,Developer,45,85269.01,1,86.22,173,no,01-01-2021,Pune
973,Kale McCoughan,Male,Sales,Analyst,28,52472.18,1,88.25,159,yes,05-09-2022,Solapur
974,Marielle Gossop,Female,Sales,Analyst,43,49214.04,2,92.98,196,yes,4-24-2015,Nashik
975,Kaylyn Tattersfield,Female,IT,Analyst,22,38783.38,1,98.51,188,no,11-11-2021,Nagpur
976,Ulrich Westcott,Male,Sales,Developer,26,32553.15,2,95.23,154,no,01-11-2020,Pune
977,Gabi Choldcroft,Male,IT,Executive,39,52077.46,5,89.61,150,yes,11-18-2022,Aurangabad
978,Hedwig Riddlesden,Female,Finance,Analyst,34,66860.83,2,85.44,180,yes,6-15-2016,Nagpur
979,Mari Condon,Female,IT,Executive,32,45882.59,4,92.44,150,no,10-03-2016,Nashik
980,Adele Nials,Female,Sales,Developer,33,30395.49,2,87.24,188,yes,03-11-2018,Nagpur
981,Myrvyn Colquitt,Bigender,HR,Executive,26,68254.38,1,91.84,197,yes,12-15-2018,Aurangabad
982,Celinka Ivanisov,Female,HR,Developer,29,60181.05,3,96.59,193,yes,11-30-2017,Solapur
983,Alejandrina Hearse,Female,Sales,Developer,41,51999.96,4,97.22,187,no,10-18-2018,Mumbai
984,Rosabelle Braun,Female,Finance,Developer,29,66580.72,4,93.7,182,yes,9-19-2022,Solapur
985,Zsazsa Gain,Female,HR,Developer,22,88314.16,3,91.43,200,yes,8-17-2015,Nashik
986,Melanie O' Kelleher,Female,Sales,Developer,45,70139.02,4,98.56,194,no,11-26-2025,Amravati
987,Nancie Tureville,Female,HR,Developer,33,46751.38,3,93.81,167,no,11-06-2019,Solapur
988,Poul Bercher,Male,HR,Executive,27,34461.37,5,92.12,161,no,5-30-2025,Aurangabad
989,Dallis Gartery,Male,HR,Analyst,28,68879.71,3,94.32,171,yes,1-18-2016,Amravati
990,Lurleen Wigelsworth,Female,Sales,Manager,32,49188.31,2,87.69,154,yes,4-21-2016,Mumbai
991,Hobey MacCurtain,Male,Sales,Developer,33,72713.56,1,85.37,165,no,3-16-2019,Nashik
992,Teodoor Pawlyn,Male,IT,Executive,30,41888.31,5,84.7,198,no,3-26-2016,Solapur
993,Casey Strooband,Female,HR,Developer,43,40796.15,4,80.27,169,yes,11-27-2024,Mumbai
994,Thurstan Maling,Agender,Sales,Manager,33,86912.92,3,93.91,199,no,11-09-2022,Aurangabad
995,Archaimbaud Gilligan,Male,HR,Developer,28,63758.24,3,83.4,153,yes,02-07-2024,Solapur
996,Wendall Sherreard,Male,Sales,Executive,45,57640.4,3,91.43,160,no,02-12-2016,Amravati
997,Nickey McGuff,Male,HR,Analyst,24,51453.09,5,90.43,179,no,1-19-2023,Nashik
998,Mellicent Libbey,Female,Sales,Developer,25,57366.79,5,88.33,194,no,01-01-2019,Mumbai
999,Isidora Witz,Female,Finance,Manager,30,45347.18,4,85.91,164,yes,9-18-2020,Solapur
1000,Leena Groundwater,Female,Sales,Manager,42,53380.67,4,88.2,180,yes,11-10-2017,Amravati
